x,y,z,rx,ry,rz,g
0.3027856648162571,-0.0720607236508888,0.7899303893803469,-0.2926766544241961,0.1039312858297019,0.050979322774650226,0
0.30644743043471956,-0.07747700870936042,0.7881358410367738,-0.2726534364494685,0.10307000457741008,0.21804050412594866,0
0.3100265916953571,-0.08270205226481973,0.7863056995597547,-0.2529973342799067,0.10230905357861879,0.38110159443381875,0
0.31352379343000175,-0.08773773082726924,0.7844405653436258,-0.23370566699473458,0.10164713924219956,0.5401951849662396,0
0.3169396804704845,-0.09258592090671132,0.7825410387827223,-0.21477575367317514,0.10108296797702392,0.6953538669911896,0
0.32027489764863687,-0.09724849901314847,0.780607720271379,-0.19620491339445156,0.10061524619196327,0.8466102317766481,0
0.3235300897962904,-0.10172734165658308,0.7786412102039315,-0.1779904652377872,0.10024268029588913,0.9939968705905937,0
0.3267059017452763,-0.10602432534701758,0.7766421089747151,-0.1601297282824053,0.09996397669767301,1.137546374701005,0
0.32980297832742633,-0.11014132659445455,0.7746110169780657,-0.1426200216075293,0.09977784180618642,1.277291335375862,0
0.33282196437457173,-0.11408022190889625,0.7725485346083175,-0.12545866429238223,0.0996829820303008,1.4132643438831418,0
0.3357635047185442,-0.11784288780034526,0.7704552622598073,-0.10864297541618777,0.09967810377888775,1.5454979914908245,0
0.33862824419117493,-0.12143120077880395,0.7683318003268698,-0.09217027405816886,0.09976191346081867,1.6740248694668887,0
0.3414168276242953,-0.12484703735427478,0.7661787492038398,-0.07603787929754877,0.09993311748496504,1.798877569079313,0
0.344129899849737,-0.1280922740367602,0.7639967092850536,-0.06024311021355107,0.10019042226019842,1.9200886815960763,0
0.3467681056993315,-0.1311687873362627,0.7617862809648459,-0.044783285885398864,0.1005325341953903,2.037690798285158,0
0.34933209000491006,-0.13407845376278468,0.7595480646375526,-0.029655725392315386,0.10095815969941216,2.1517165104145364,0
0.3518224975983041,-0.13682314982632854,0.7572826606975084,-0.014857747813523958,0.10146600518113542,2.26219840925219,0
0.3542399733113452,-0.13940475203689676,0.7549906695390493,-0.00038667222824793717,0.10205477704943168,2.3691690860660986,0
0.3565851619758648,-0.14182513690449183,0.7526726915565104,0.013760182284289435,0.1027231817131724,2.4726611321242413,0
0.35885870842369416,-0.14408618093911613,0.7503293271442267,0.027585496644864933,0.10346992558122904,2.5727071386945948,0
0.361061257486665,-0.14618976065077216,0.7479611766965344,0.04109195177425516,0.10429371506247316,2.669339697045141,0
0.36319345399660863,-0.1481377525494623,0.745568840607768,0.054282228593236885,0.10519325656577619,2.7625913984438566,0
0.36525594278535656,-0.1499320331451891,0.7431529192722638,0.06715900802258681,0.10616725650000969,2.8524948341587213,0
0.36724936868474,-0.1515744789479548,0.7407140130843558,0.07972497098308177,0.10721442127404503,2.9390825954577133,0
0.36917437652659074,-0.15306696646776205,0.7382527224383807,0.09198279839549832,0.10833345729675385,3.0223872736088113,0
0.3710316111427401,-0.15441137221461326,0.7357696477286733,0.10393517118061317,0.10952307097700759,3.102441459879995,0
0.3728217173650193,-0.1556095726985107,0.7332653893495686,0.11558477025920313,0.11078196872367767,3.179277745539243,0
0.37454534002526,-0.15666344442945704,0.7307405476954026,0.12693427655204487,0.11210885694563569,3.2529287218545337,0
0.37620312395529376,-0.15757486391745468,0.7281957231605107,0.13798637097991517,0.11350244205175314,3.3234269800938474,0
0.37779571398695194,-0.158345707672506,0.7256315161392277,0.1487437344635908,0.11496143045090144,3.390805111525163,0
0.3793237549520658,-0.15897785220461336,0.7230485270258892,0.15920904792384827,0.11648452855195209,3.4550957074164566,0
0.3807878916824669,-0.1594731740237794,0.7204473562148306,0.16938499228146434,0.11807044276377668,3.5163313590357093,0
0.3821887690099867,-0.15983354964000643,0.7178286041003873,0.1792742484572158,0.11971787949524659,3.574544657650898,0
0.38352703176645675,-0.16006085556329686,0.7151928710768943,0.18887949737187937,0.12142554515523336,3.6297681945300035,0
0.38480332478370827,-0.16015696830365328,0.7125407575386877,0.19820341994623178,0.1231921461526085,3.682034560941006,0
0.3860182928935729,-0.16012376437107803,0.7098728638801024,0.20724869710104962,0.1250163888962435,3.7313763481518802,0
0.38717258092788215,-0.15996312027557363,0.7071897904954738,0.21601800975710986,0.12689697979500986,3.7778261474306087,0
0.38826683371846715,-0.15967691252714244,0.7044921377791369,0.22451403883518897,0.128832625257779,3.8214165500451687,0
0.3893016960971597,-0.159267017635787,0.7017805061254279,0.2327394652560637,0.13082203169342255,3.862180147263539,0
0.3902778128957909,-0.15873531211150957,0.6990554959286814,0.24069696994051085,0.1328639055108119,3.9001495303536986,0
0.39119582894619237,-0.1580836724643128,0.6963177075832329,0.24838923380930708,0.1349569531188185,3.9353572905836254,0
0.3920563890801956,-0.15731397520419899,0.693567741483418,0.2558189377832291,0.13709988092631398,3.9678360192213002,0
0.3928601381296321,-0.15642809684117073,0.6908061980235723,0.2629887627830538,0.1392913953421698,3.997618307534702,0
0.39360772092633317,-0.1554279138852304,0.6880336775980307,0.2699013897295576,0.14153020277525738,4.024736746791808,0
0.39429978230213025,-0.15431530284638031,0.6852507806011283,0.2765594995435175,0.14381500963444824,4.049223928260598,0
0.3949369670888549,-0.1530921402346231,0.6824581074272013,0.2829657731457099,0.1461445223286139,4.071112443209051,0
0.3955199201183385,-0.15176030255996106,0.6796562584705844,0.2891228914569117,0.14851744726662586,4.090434882905143,0
0.3960492862224123,-0.1503216663323967,0.6768458341256129,0.29503353539789967,0.15093249085735555,4.107223838616855,0
0.3965257102329083,-0.1487781080619326,0.6740274347866231,0.30070038588945064,0.1533883595096746,4.12151190161217,0
0.3969498369816573,-0.147131504258571,0.6712016608479493,0.30612612385234095,0.15588375963245438,4.13333166315906,0
0.3973223113004911,-0.14538373143231434,0.6683691127039272,0.31131343020734753,0.1584173976345664,4.142715714525508,0
0.3976437780212411,-0.14353666609316526,0.6655303907488923,0.3162649858752471,0.1609879799248822,4.149696646979491,0
0.39791488197573877,-0.141592184751126,0.6626860953771799,0.3209834717768164,0.16359421291227322,4.154307051788988,0
0.39813626799581536,-0.139552163916199,0.6598368269831252,0.32547156883283196,0.16623480300561097,4.156579520221978,0
0.3983085809133026,-0.13741848009838697,0.6569831859610639,0.3297319579640708,0.16890845661376697,4.156546643546442,0
0.3984324655600318,-0.13519300980769208,0.654125772705331,0.3337673200913094,0.1716138801456127,4.154241013030357,0
0.3985085667678344,-0.13287762955411694,0.6512651876102623,0.3375803361353246,0.17434978001001966,4.1496952199417025,0
0.398537529368542,-0.13047421584766392,0.6484020310701928,0.3411736870168931,0.1771148626158594,4.1429418555484565,0
0.3985199981939856,-0.12798464519833536,0.6455369034794576,0.3445500536567914,0.17990783437200328,4.134013511118595,0
0.39845661807599725,-0.12541079411613393,0.6426704052323927,0.34771211697579657,0.18272740168732285,4.122942777920104,0
0.3983480338464078,-0.12275453911106185,0.639803136723333,0.35066255789468503,0.18557227097068965,4.109762247220956,0
0.3981948903370492,-0.12001775669312172,0.6369356983466141,0.35340405733423363,0.18844114863097514,4.094504510289132,0
0.3979978323797527,-0.11720232337231595,0.6340686904965716,0.3559392962152193,0.19133274107705084,4.077202158392614,0
0.3977575048063497,-0.11431011565864699,0.6312027135675402,0.3582709554584183,0.19424575471778818,4.0578877827993765,0
0.3974745524486717,-0.11134301006211722,0.6283383679538559,0.36040171598460763,0.19717889596205876,4.036593974777399,0
0.3971496201385499,-0.10830288309272906,0.6254762540498533,0.36233425871456393,0.20013087121873394,4.01335332559466,0
0.3967833527078163,-0.10519161126048517,0.6226169722498686,0.36407126456906397,0.2031003868966853,3.9881984265191424,0
0.3963763949883017,-0.10201107107538768,0.6197611229482365,0.3656154144688843,0.2060861494047843,3.9611618688188197,0
0.3959293918118381,-0.0987631390474393,0.6169093065392929,0.36696938933480194,0.20908686515190247,3.932276243761675,0
0.3954429880102567,-0.09544969168664237,0.6140621234173731,0.36813587008759346,0.21210124054691132,3.901574142615685,0
0.39491782841538886,-0.09207260550299932,0.611220173976812,0.36911753764803545,0.21512798199868227,3.8690881566488295,0
0.3943545578590663,-0.08863375700651265,0.6083840586119456,0.36991707293690484,0.21816579591608692,3.8348508771290875,0
0.3937538211731201,-0.08513502270718462,0.6055543777171084,0.3705371568749781,0.22121338870799667,3.7988948953244344,0
0.39311626318938186,-0.08157827911501794,0.6027317316866365,0.37098047038303206,0.22426946678328297,3.7612528025028533,0
0.39244252873968316,-0.07796540274001483,0.599916720914865,0.3712496943818436,0.22733273655081745,3.7219571899323207,0
0.3917332626558553,-0.07429827009217793,0.5971099457961292,0.3713475097921891,0.23040190441947148,3.681040648880817,0
0.39098910976972984,-0.07057875768150958,0.5943120067247647,0.37127659753484554,0.23347567679811668,3.6385357706163206,0
0.3902107149131382,-0.06680874201801222,0.5915235040951068,0.3710396385305897,0.23655276009562445,3.5944751464068108,0
0.3893987229179117,-0.0629900996116883,0.5887450383014906,0.370639313700198,0.2396318607208663,3.5488913675202656,0
0.3885537786158819,-0.05912470697254021,0.5859772097382517,0.3700783039644473,0.24271168508271376,3.501817025224662,0
0.38767652683888026,-0.05521444061057054,0.5832206187997254,0.3693592902441144,0.24579093959003825,3.4532847107879836,0
0.38676761241873797,-0.051261177035781584,0.5804758658802469,0.3684849534599758,0.24886833065171138,3.403327015478204,0
0.38582768018728697,-0.04726679275817589,0.5777435513741519,0.3674579745328085,0.2519425646766045,3.351976530563306,0
0.38485737497635825,-0.043233164287755824,0.5750242756757755,0.3662810343833891,0.2550123480735893,3.299265847311267,0
0.3838573416177835,-0.03916216813452387,0.5723186391794532,0.3649568139324942,0.25807638725153703,3.245227556990066,0
0.3828282249433941,-0.03505568080848253,0.5696272422795203,0.36348799410090066,0.2611333886193194,3.1898942508676824,0
0.38177066978502133,-0.030915578819634082,0.566950685370312,0.36187725580938496,0.26418205858580773,3.1332985202120924,0
0.38068532097449703,-0.026743738677981185,0.564289568846164,0.3601272799787242,0.2672211035598736,3.075472956291279,0
0.37957282334365233,-0.022542036893526057,0.5616444931014114,0.35824074752969476,0.2702492299503886,3.0164501503732177,0
0.3784338217243188,-0.018312349976271396,0.5590160585303898,0.3562203393830737,0.273265144166224,2.9562626937258907,0
0.3772689609483278,-0.014056554436219431,0.5564048655274344,0.3540687364596374,0.2762675526162515,2.894943177617273,0
0.37607888584751087,-0.009776526783372614,0.5538115144868804,0.3517886196801626,0.27925516170934256,2.832524193315345,0
0.3748642412536993,-0.0054741435277335555,0.5512366058030633,0.3493826699654262,0.2822266778543685,2.769038332088086,0
0.3736256719987248,-0.001151281179304538,0.5486807398703186,0.3468535682362049,0.285180807460201,2.704518185203475,0
0.3723638229144186,0.0031901837519118363,0.5461445170829816,0.34420399541327523,0.28811625693571147,2.6389963439294903,0
0.3710793388326121,0.007548374755913307,0.5436285378353876,0.341436632417414,0.29103173268977145,2.572505399534111,0
0.36977286458513703,0.011921415322697389,0.5411334025218719,0.33855416016939804,0.2939259411312525,2.505077943285315,0
0.3684450450038245,0.01630742894226145,0.53865971153677,0.3355592595900039,0.29679758866902584,2.4367465664510832,0
0.36709652492050626,0.02070453910460327,0.5362080652744172,0.3324546116000085,0.29964538171196337,2.3675438602993943,0
0.36572794916701357,0.0251108692997203,0.5337790641291487,0.3292428971201883,0.30246802666893613,2.297502416098225,0
0.364339962575178,0.029524543017610167,0.5313733084953003,0.32592679707132016,0.305264229948816,2.226654825115556,0
0.36293320997683065,0.03394368374827031,0.5289913987672068,0.32250899237418074,0.3080326979604742,2.155033678619364,0
0.3615083362038035,0.03836641498169839,0.5266339353392041,0.3189921639495469,0.3107721371127825,2.08267156787763,0
0.3600659860879276,0.04279086020789198,0.5243015186056271,0.31537899271819514,0.3134812538146122,2.0096010841583323,0
0.3586068044610345,0.047215142916848536,0.5219947489608114,0.3116721596009023,0.31615875447483477,1.93585481872945,0
0.3571314361549558,0.0516373865985656,0.5197142267990924,0.30787434551844517,0.3188033455023218,1.8614653628589617,0
0.3556405260015226,0.05605571474304089,0.5174605525148054,0.3039882313916002,0.32141373330594475,1.7864653078148447,0
0.3541347188325668,0.060468250840271826,0.5152343265022857,0.30001649814114445,0.3239886242945752,1.7108872448650814,0
0.35261465947991955,0.06487311838025596,0.5130361491558688,0.2959618266878544,0.32652672487708445,1.6347637652776479,0
0.35108099277541227,0.069268440852991,0.5108666208698899,0.2918268979525068,0.3290267414623441,1.5581274603205226,0
0.3495343635508765,0.07365234174847428,0.5087263420386844,0.2876143928558784,0.3314873804592257,1.4810109212616864,0
0.3479754166381437,0.07802294455670347,0.5066159130565877,0.283326992318746,0.3339073482766007,1.4034467393691175,0
0.34640479686904535,0.08237837276767616,0.5045359343179353,0.27896737726188614,0.33628535132334053,1.3254675059107954,0
0.3448231490754127,0.08671674987138989,0.5024870062170622,0.2745382286060756,0.3386200960083168,1.2471058121546958,0
0.3432311180890775,0.09103619935784221,0.5004697291483042,0.27004222727209115,0.34091028874040097,1.1683942493688009,0
0.34162934874187095,0.0953348447170305,0.4984847035059963,0.26548205418070947,0.3431546359284643,1.0893654088210893,0
0.3400184858656245,0.09961080943895269,0.496532529684474,0.26086039025270724,0.34535184398137875,1.0100518817795372,0
0.3383991742921698,0.103862217013606,0.4946138080780727,0.25617991640886134,0.34750061930801535,0.9304862595121273,0
0.33677205885333816,0.10808719093098812,0.49272913908112775,0.25144331356994837,0.349599668317246,0.8507011332868359,0
0.335137784380961,0.11228385468109664,0.4908791230879745,0.2466532626567449,0.3516476974179419,0.7707290943716422,0
0.33349699570686975,0.11645033175392905,0.4890643604929482,0.24181244459002774,0.35364341301897456,0.6906027340345245,0
0.33185033766289596,0.12058474563948289,0.48728545169038434,0.23692354029057378,0.3555855215292156,0.6103546435434631,0
0.3301984550808711,0.12468521982775577,0.48554299707461845,0.23198923067915966,0.35747272935753654,0.5300174141664372,0
0.3285419927926264,0.1287498778087453,0.4838375970399855,0.22701219667656186,0.35930374291280875,0.4496236371714223,0
0.3268815956299935,0.13277684307244894,0.48216985198082096,0.22199511920355736,0.3610772686039038,0.3692059038264004,0
0.32521790842480375,0.13676423910886412,0.4805403622914603,0.2169406791809228,0.3627920128396929,0.28879680539935143,0
0.32355157600888873,0.14071018940798877,0.4789497283662391,0.21185155752943494,0.36444668202904823,0.20842893315825087,0
0.3218832432140797,0.1446128174598201,0.47739855059949227,0.20673043516987027,0.3660399825808406,0.12813487837107806,0
0.32021355487220826,0.14847024675435586,0.4758874293855554,0.20157999302300578,0.3675706209039418,0.04794723230581374,0
0.3185431558151058,0.15228060078159342,0.4744169651187638,0.19640291200961812,0.36903730340722324,-0.03210141376956286,0
0.3168726908746037,0.15604200303153057,0.4729877581934529,0.1912018730504839,0.3704387364995565,-0.11197846858707607,0
0.3152028048825336,0.15975257699416476,0.47160040900395817,0.18597955706637992,0.37177362658981317,-0.19165134087874477,0
0.31353414267072666,0.1634104461594934,0.4702555179446147,0.18073864497808298,0.3730406800868644,-0.27108743937658886,0
0.31186734907101454,0.1670137340175142,0.46895368540975785,0.17548181770636964,0.37423860339958187,-0.3502541728126315,0
0.3102030689152286,0.1705605640582248,0.4676955117937232,0.17021175617201653,0.37536610293683725,-0.42911894991889515,0
0.3085419470352004,0.17404905977162266,0.4664815974908461,0.1649311412958007,0.37642188510750185,-0.5076491794273977,0
0.3068846282627612,0.17747734464770518,0.46531254289546176,0.15964265399849867,0.377404656320447,-0.5858122700701609,0
0.3052317574297426,0.18084354217647028,0.46418894840190567,0.15434897520088697,0.37831312298454467,-0.6635756305792093,0
0.30358397936797593,0.18414577584791517,0.463111414404513,0.14905278582374262,0.3791459915086659,-0.74090666968656,0
0.3019419389092928,0.18738216915203756,0.46208054129761933,0.14375676678784222,0.37990196830168244,-0.8177727961242361,0
0.3003062808855245,0.19055084557883495,0.46109692947556,0.13846359901396255,0.38057975977246566,-0.8941414186242574,0
0.2986776501285025,0.19364992861830502,0.46016117933267026,0.13317596342288013,0.3811780723298871,-0.969979945918648,0
0.2970566914700583,0.19667754176044513,0.45927389126328544,0.1278965409353719,0.3816956123828182,-1.0452557867394248,0
0.2954440497420233,0.19963180849525292,0.458435665661741,0.12262801247221447,0.38213108634013043,-1.1199363498186115,0
0.293840369776229,0.20251085231272617,0.4576471029223723,0.11737305895418447,0.3824832006106956,-1.193989043888231,0
0.29224629640450683,0.20531279670286204,0.45690880343951473,0.11213436130205887,0.3827506616033847,-1.2673812776802995,0
0.29066247445868815,0.2080357651556583,0.4562213676075036,0.1069146004366142,0.38293217572706956,-1.3400804599268414,0
0.2890895487706045,0.21067788116111252,0.45558539582067414,0.10171645727862715,0.3830264493906216,-1.412053999359878,0
0.2875281641720873,0.2132372682092222,0.4550014884733619,0.09654261274887445,0.38303218900291225,-1.4832693047114307,0
0.28597896549496804,0.21571204978998498,0.45447024595990226,0.09139574776813292,0.3829481009728132,-1.553693784713519,0
0.2844425975710781,0.2181003493933983,0.4539922686746305,0.08627854325717922,0.3827728917091957,-1.6232948480981644,0
0.2829197052322489,0.22040029050945983,0.45356815701188197,0.08119368013678994,0.3825052676209314,-1.6920399035973908,0
0.281410933310312,0.22260999662816702,0.45319851136599204,0.07614383932774206,0.3821439351168917,-1.7598963599432147,0
0.2799169266370988,0.22472759123951752,0.4528839321312961,0.07113170175081211,0.38168760060594825,-1.8268316258676602,0
0.27843833004444063,0.22675119783350878,0.4526250197021294,0.06615994832677678,0.3811349704969723,-1.8928131101027486,0
0.27697578836416914,0.22867893990013843,0.4524223744728275,0.06123125997641294,0.3804847511988355,-1.9578082213804988,0
0.27552994642811557,0.23050894092940402,0.45227659683772553,0.05634831762049718,0.37973564912040936,-2.0217843684329337,0
0.27410144906811157,0.23223932441130307,0.4521882871911591,0.051513802179806265,0.37888637067056535,-2.0847089599920743,0
0.27269094111598835,0.23386821383583326,0.45215804592746345,0.04673039457511681,0.3779356222581749,-2.1465494047899427,0
0.2712990674035776,0.23539373269299194,0.45218647344097396,0.042000775727205716,0.3768821102921096,-2.2072731115585578,0
0.26992647276271065,0.23681400447277687,0.4522741701260259,0.03732762655684959,0.3757245411812408,-2.266847489029942,0
0.26857380202521886,0.2381271526651854,0.45242173637695465,0.03271362798482507,0.37446162133444016,-2.325239945936117,0
0.26724170002293385,0.23933130076021525,0.4526297725880957,0.028161460931909067,0.3730920571605791,-2.3824178910091023,0
0.265930811587687,0.24042457224786395,0.45289887915378435,0.02367380631887821,0.37161455506852914,-2.4383487329809204,0
0.2646417815513097,0.24140509061812893,0.4532296564683559,0.019253345066509133,0.37002782146716173,-2.492999880583591,0
0.2633752547456334,0.242270979361008,0.4536227049261458,0.014902758095578547,0.3683305627653483,-2.5463387425491386,0
0.26213187600248966,0.24302036196649848,0.45407862492148937,0.010624726326863348,0.36652148537196055,-2.5983327276095807,0
0.26091229015370976,0.24365136192459805,0.4545980168487219,0.006421930681140107,0.36459929569586985,-2.64894924449694,0
0.2597171420311253,0.24416210272530417,0.4551814811021789,0.0022970520791854533,0.36256270014594766,-2.6981557019432385,0
0.2585470764665676,0.2445507078586145,0.45582961807619565,-0.0017472285582235886,0.36041040513106554,-2.7459195086804944,0
0.25740273829186827,0.24481530081452646,0.4565430281651075,-0.005708230310310574,0.35814111706009494,-2.7922080734407313,0
0.25628477233885855,0.2449540050830378,0.4573223117632497,-0.009583272256298741,0.35575354234190737,-2.83698880495597,0
0.25519382343936997,0.2449649441541459,0.4581680692649579,-0.01336967347541134,0.3532463873853742,-2.8802291119582315,0
0.25413053642523403,0.24484624151784845,0.4590809010645672,-0.01706475304687163,0.3506183585993672,-2.9218964031795367,0
0.2530955561282822,0.24459602066414293,0.4600614075564132,-0.020665830049902925,0.34786816239275775,-2.9619580873519076,0
0.25208952738034585,0.24421240508302683,0.46111018913483104,-0.024170223563728558,0.34499450517441715,-3.000381573207364,0
0.25111309501325635,0.2436935182644978,0.4622278461941561,-0.027575252667571708,0.3419960933532171,-3.037134269477927,0
0.2501669038588453,0.24303748369855346,0.4634149791287238,-0.030878236440655696,0.3388716333380291,-3.0721835848956194,0
0.2492515847362455,0.24224248986422517,0.46467215153333596,-0.03407653925858261,0.3356199082271738,-3.105497746656088,0
0.24836734348571377,0.2413086962360896,0.4659988109419381,-0.037168899251192135,0.33224202696617344,-3.137069804422178,0
0.24751389462726128,0.24023854096672612,0.4673931146048279,-0.04015564275260455,0.32874178742436355,-3.166921505237663,0
0.24669092531234707,0.23903458914042094,0.4688531478982138,-0.043037184566430235,0.3251231372551596,-3.195076194708092,0
0.24589812269242994,0.23769940584146027,0.4703769961983041,-0.045813939496279425,0.32139002411197715,-3.2215572184390107,0
0.24513517391896916,0.2362355561541305,0.4719627448813075,-0.04848632234576235,0.3175463956482322,-3.246387922035966,0
0.24440176614342357,0.23464560516271774,0.4736084793234323,-0.05105474791848922,0.31359619951734025,-3.269591651104506,0
0.2436975865172522,0.23293211795150817,0.47531228490088695,-0.053519631018070286,0.30954338337271686,-3.291191751250176,0
0.24302232219191416,0.23109765960478826,0.47707224698988004,-0.05588138644811593,0.3053918948677778,-3.3112115680785252,0
0.24237566031886826,0.22914479520684405,0.47888645096661964,-0.05814042901223619,0.30114568165593875,-3.329674447195097,0
0.24175728804957372,0.22707608984196198,0.48075298220731466,-0.06029717351404145,0.2968086913906155,-3.3466037342054435,0
0.2411668925354894,0.2248941085944282,0.4826699260881733,-0.06235203475714198,0.2923848717252236,-3.362022774715109,0
0.24060416092807438,0.22260141654852894,0.48463536798540385,-0.06430542754514791,0.2878781703131787,-3.3759549143296392,0
0.2400687803787876,0.22020057878855037,0.4866473932752151,-0.0661577666816695,0.28329253480789646,-3.388423498654582,0
0.23956043803908814,0.21769416039877892,0.4887040873338154,-0.06790946697031715,0.27863191286279265,-3.399451873295486,0
0.23907882106043502,0.21508472646350077,0.490803535537413,-0.06956094321470092,0.27390025213128294,-3.409063383857897,0
0.23862361659428719,0.2123748420670021,0.4929438232622166,-0.07111261021843115,0.26910150026678303,-3.4172813759473617,0
0.23819451179210363,0.20956707229356925,0.4951230358844344,-0.07256488278511809,0.2642396049227084,-3.4241291951694275,0
0.23779119380534341,0.20666398222748833,0.4973392587802751,-0.07391817571837199,0.2593185137524749,-3.4296301871296415,0
0.2374133497854656,0.20366813695304586,0.49959057732594714,-0.07517290382180308,0.25434217440949825,-3.433807697433552,0
0.23706066688392902,0.20058210155452785,0.5018750768976586,-0.07632948189902158,0.24931453454719407,-3.436685071686704,0
0.23673283225219285,0.19740844111622047,0.5041908428716185,-0.07738832475363781,0.24423954181897783,-3.4382856554946453,0
0.236429533041716,0.1941497207224102,0.5065359606240347,-0.07834984718926191,0.23912114387826544,-3.438632794462921,0
0.23615045640395754,0.1908085054573833,0.508908515531116,-0.07921446400950424,0.2339632883784727,-3.437749834197082,0
0.23589528949037641,0.18738736040542586,0.5113065929690707,-0.07998259001797496,0.22876992297301496,-3.435660120302672,0
0.23566371945243172,0.18388885065082414,0.5137282783141075,-0.08065464001828437,0.22354499531530808,-3.4323869983852404,0
0.23545543344158237,0.18031554127786453,0.5161716569424346,-0.08123102881404272,0.21829245305876777,-3.4279538140503334,0
0.23527011860928737,0.17666999737083292,0.5186348142302605,-0.08171217120886021,0.21301624385680923,-3.422383912903496,0
0.23510746210700584,0.172954784014016,0.5211158355537936,-0.08209848200634713,0.2077203153628489,-3.415700640550278,0
0.23496715108619667,0.16917246629169988,0.5236128062892424,-0.08239037601011372,0.20240861523030204,-3.4079273425962255,0
0.23484887269831897,0.16532560928817075,0.5261238118128154,-0.0825882680237702,0.1970850911125844,-3.3990873646468853,0
0.23475231409483166,0.16141677808771487,0.5286469375007211,-0.08269257285092685,0.19175369066311157,-3.389204052307804,0
0.23467716242719375,0.15744853777461848,0.5311802687291676,-0.08270370529519389,0.18641836153529937,-3.378300751184529,0
0.23462310484686433,0.15342345343316788,0.5337218908743638,-0.08262208016018162,0.18108305138256336,-3.366400806882609,0
0.23458982850530233,0.14934409014764904,0.536269889312518,-0.08244811224950022,0.175751707858319,-3.3535275650075875,0
0.23457702055396676,0.14521301300234868,0.5388223494198384,-0.08218221636675994,0.17042827861598242,-3.339704371165014,0
0.23458436814431666,0.14103278708155279,0.5413773565725338,-0.08182480731557108,0.16511671130896913,-3.3249545709604353,0
0.23461155842781098,0.13680597746954762,0.5439329961468122,-0.08137629989954384,0.15982095359069468,-3.309301509999397,0
0.2346582785559089,0.13253514925061952,0.5464873535188827,-0.08083710892228854,0.15454495311457492,-3.292768533887449,0
0.2347242156800692,0.1282228675090546,0.5490385140649532,-0.08020764918741534,0.14929265753402535,-3.275378988230136,0
0.23480905695175103,0.12387169732913897,0.5515845631612325,-0.0794883354985345,0.1440680145024616,-3.2571562186330048,0
0.23491248952241328,0.11948420379515926,0.5541235861839285,-0.07867958265925629,0.13887497167329957,-3.2381235707016027,0
0.2350342005435151,0.11506295199140158,0.5566536685092501,-0.07778180547319101,0.13371747669995493,-3.218304390041478,0
0.23517387716651544,0.11061050700215208,0.559172895513406,-0.07679541874394881,0.1285994772358432,-3.1977220222581777,0
0.23533120654287334,0.10612943391169713,0.561679352572604,-0.07572083727514001,0.12352492093438017,-3.1763998129572473,0
0.2355058758240477,0.10162229780432286,0.564171125063053,-0.07455847587037481,0.11849775544898146,-3.154361107744234,0
0.23569757216149756,0.09709166376431555,0.5666462983609613,-0.07330874933326348,0.11352192843306268,-3.131629252224686,0
0.23590598270668206,0.0925400968759613,0.5691029578425374,-0.07197207246741621,0.10860138754003944,-3.108227592004149,0
0.23613079461106,0.08797016222354671,0.5715391888839897,-0.07054886007644336,0.1037400804233277,-3.0841794726881706,0
0.23637169502609054,0.0833844248913578,0.5739530768615264,-0.06903952696395509,0.09894195473634296,-3.0595082398822977,0
0.23662837110323268,0.07878544996368092,0.5763427071513564,-0.0674444879335617,0.09421095813250094,-3.0342372391920787,0
0.23690050999394535,0.07417580252480227,0.578706165129688,-0.06576415778887341,0.08955103826521736,-3.008389816223059,0
0.23718779884968758,0.06955804765900805,0.5810415361727294,-0.06399895133350045,0.08496614278790776,-2.9819893165807856,0
0.2374899248219185,0.06493475045058454,0.5833469056566896,-0.06214928337105314,0.08046021935398787,-2.9550590858708072,0
0.23780657506209693,0.06030847598381783,0.5856203589577764,-0.06021556870514154,0.07603721561687322,-2.9276224696986675,0
0.23813743672168194,0.05568178934299449,0.5878599814521986,-0.05819822213937611,0.0717010792299798,-2.8997028136699163,0
0.2384821969521326,0.05105725561240065,0.5900638585161645,-0.05609765847736703,0.06745575784672317,-2.871323463390101,0
0.23884054290490786,0.04643743987632248,0.5922300755258826,-0.05391429252272453,0.06330519912051893,-2.8425077644647665,0
0.23921216173146678,0.041824907219046276,0.5943567178575617,-0.051648539079058885,0.05925335070478278,-2.8132790624994617,0
0.2395967405832683,0.037222222724858284,0.5964418708874096,-0.0493008129499803,0.055304160252930404,-2.7836607030997325,0
0.23999396661177144,0.032631951478044735,0.5984836199916351,-0.04687152893909904,0.05146157541837747,-2.7536760318711253,0
0.24040352696843525,0.02805665856289172,0.6004800505464469,-0.04436110185002525,0.04772954385453952,-2.723348394419188,0
0.2408251088047187,0.023498909063685795,0.6024292479280529,-0.041769946486369385,0.044112013214832504,-2.6927011363494677,0
0.24125839927208084,0.01896126806471306,0.604329297512662,-0.039098477651741584,0.040612931152671936,-2.6617576032675117,0
0.24170308552198064,0.01444630065025982,0.6061782846764822,-0.03634711014975212,0.037236245321473564,-2.6305411407788672,0
0.24215885470587709,0.009956571904612266,0.6079742947957223,-0.033516258784011176,0.033985903374653,-2.5990750944890797,0
0.24262539397522923,0.005494646912056631,0.6097154132465906,-0.03060633835812908,0.03086585296562591,-2.5673828100036977,0
0.24310239048149607,0.00106309075687921,0.6113997254052957,-0.027617763675716014,0.027880041747808042,-2.535487632928268,0
0.24358953137613665,-0.0033355314766339945,0.6130253166480462,-0.024550949540382148,0.025032417374614827,-2.5034129088683357,0
0.2440865038106099,-0.007698654704196307,0.61459027235105,-0.021406310755737942,0.02232692749946229,-2.471181983429451,0
0.2445929949363748,-0.012023713841521658,0.6160926778905158,-0.01818426212539352,0.019767519775765977,-2.4388182022171585,0
0.24510869190489046,-0.016308143804323865,0.6175306186426521,-0.014885218452959181,0.017358141856941522,-2.4063449108370065,0
0.2456332818676159,-0.02054937950831665,0.6189021799836676,-0.011509594542045124,0.015102741396404577,-2.373785454894542,0
0.24616645197601003,-0.024744855869213746,0.6202054472897702,-0.00805780519626159,0.01300526604757087,-2.341163179995311,0
0.24670788938153193,-0.02889200780272888,0.6214385059371688,-0.004530265219218877,0.01106966346385608,-2.3085014317448618,0
0.24725728123564059,-0.032988270224576066,0.6225994413020717,-0.0009273894145270234,0.009299881298675762,-2.2758235557487385,0
0.24781431468979495,-0.03703107805046859,0.6236863387606871,0.0027504074142034045,0.007699867205445798,-2.2431528976124917,0
0.24837867689545412,-0.041017866196120516,0.6246972836892238,0.006502710463362309,0.006273568837581714,-2.2105128029416674,0
0.24895005500407708,-0.04494606957724547,0.6256303614638903,0.010329104929339408,0.005024933848499271,-2.1779266173418126,0
0.2495281361671228,-0.04881312310955728,0.6264836574608947,0.014229176008524498,0.00395790989161409,-2.145417686418474,0
0.25011260753605025,-0.052616461708769664,0.6272552570564456,0.018202508897307318,0.0030764446203418467,-2.113009355777198,0
0.2507031562623186,-0.05635352029059639,0.6279432456267515,0.02224868879207763,0.002384485688098228,-2.0807249710235327,0
0.25129946949738674,-0.06002173377075138,0.6285457085480208,0.026367300889225342,0.001885980748298848,-2.048587877763023,0
0.25190123439271367,-0.06361853706494805,0.629060731196462,0.030557930385139882,0.0015848774543595096,-2.016621421601219,0
0.25250813809975836,-0.06714136508890028,0.6294863989482836,0.034820162476211156,0.0014851234596958002,-1.9848489481436662,0
0.2531198677699799,-0.07058765275832188,0.6298207971796937,0.03915358235882891,0.0015906664177234079,-1.9532938029959113,0
0.25373611055483736,-0.07395483498892656,0.6300620112669012,0.04355777522938294,0.0019054539818580403,-1.9219793317635026,0
0.25435655360578957,-0.07724034669642811,0.6302081265861144,0.04803232628426295,0.0024334338055153255,-1.890928880051986,0
0.2549808840742957,-0.08044162279654023,0.6302572285135415,0.05257682071985872,0.003178553542110961,-1.8601657934669082,0
0.2556087941888161,-0.0835562671120234,0.6302076224468878,0.057190759956887854,0.00414425616244655,-1.829712182210918,0
0.2562400351979537,-0.08658384701005384,0.6300601715337553,0.06187267152387682,0.00532811770193476,-1.799575794927984,0
0.25687439642782234,-0.08952519666065732,0.6298173890829701,0.06662045463181027,0.006723929076382701,-1.76975511474034,0
0.25751166783916124,-0.09238117134724035,0.6294818159060457,0.07143199801971357,0.00832541811627054,-1.7402484703448575,0
0.2581516393927097,-0.0951526263532094,0.6290559928144951,0.0763051904266123,0.010126312652078603,-1.7110541904384102,0
0.25879410104920647,-0.09784041696197092,0.6285424606198314,0.08123792059153173,0.012120340514287108,-1.6821706037178694,0
0.25943884276939105,-0.10044539845693137,0.6279437601335682,0.08622807725349739,0.014301229533376352,-1.6535960388801088,0
0.2600856545140025,-0.1029684261214974,0.6272624321672183,0.09127354915153492,0.0166627075398267,-1.6253288246219988,0
0.26073432624377985,-0.10541035523907515,0.6265010175322951,0.09637222502466923,0.019198502364118197,-1.5973672896404143,0
0.2613846479194624,-0.10777204109307133,0.6256620570403122,0.1015219936119261,0.021902341836731194,-1.5697097626322276,0
0.26203640950178925,-0.11005433896689235,0.6247480915027823,0.10672074365233088,0.024767953788146006,-1.5423545722943104,0
0.2626894009514995,-0.11225810414394471,0.6237616617312188,0.111966363884909,0.027789066048842792,-1.5153000473235356,0
0.26334341222933233,-0.11438419190763484,0.6227053085371349,0.11725674304868595,0.030959406449301924,-1.4885445164167754,0
0.26399823329602684,-0.11643345754136922,0.6215815727320438,0.12258976988268709,0.03427270282000359,-1.4620863082709024,0
0.2646536541123224,-0.11840675632855448,0.6203929951274587,0.12796333312593813,0.03772268299142825,-1.435923751582788,0
0.2653094646389578,-0.12030494355259684,0.619142116534893,0.133375321517464,0.04130307479405577,-1.4100551750493073,0
0.26596545483667244,-0.12212887449690289,0.6178314777658598,0.13882362379629043,0.04500760605836672,-1.3844789073673311,0
0.26662141466620537,-0.1238794044448791,0.6164636196318724,0.14430612870144277,0.04883000461484123,-1.3591932772337323,0
0.2672771340882958,-0.12555738867993196,0.6150410829444438,0.14982072497194657,0.05276399829395965,-1.3341966133453838,0
0.2679324030636827,-0.12716368248546792,0.6135664085150873,0.15536530134682705,0.05680331492620215,-1.309487244399157,0
0.26858701155310555,-0.12869914114489353,0.6120421371553164,0.1609377465651099,0.06094168234204907,-1.2850634990919256,0
0.26924074951730326,-0.1301646199416152,0.6104708096766441,0.1665359493658206,0.06517282837198078,-1.2609237061205605,0
0.269893406917015,-0.13156097415903936,0.6088549668905835,0.1721577984879842,0.06949048084647731,-1.237066194181936,0
0.2705447737129799,-0.13288905908057252,0.6071971496086482,0.17780118267062628,0.07388836759601888,-1.2134892919729248,0
0.27119463986593717,-0.13414972998962113,0.6054998986423509,0.18346399065277233,0.07836021645108597,-1.1901913281903975,0
0.27184279533662603,-0.13534384216959178,0.6037657548032054,0.18914411117344793,0.08289975524215877,-1.1671706315312285,0
0.2724890300857854,-0.13647225090389078,0.6019972589027244,0.19483943297167816,0.08750071179971747,-1.1444255306922888,0
0.2731331340741546,-0.1375358114759247,0.6001969517524215,0.2005478447864888,0.09215681395424241,-1.1219543543704524,0
0.27377489726247284,-0.13853537916910008,0.5983673741638097,0.20626723535690533,0.09686178953621408,-1.09975543126259,0
0.274414109611479,-0.1394718092668232,0.5965110669484022,0.21199549342195273,0.10160936637611223,-1.0778270900655758,0
0.27505056108191256,-0.14034595705250072,0.5946305709177127,0.21773050772065675,0.10639327230441743,-1.0561676594762819,0
0.27568404163451243,-0.141158677809539,0.5927284268832537,0.2234701669920427,0.11120723515160985,-1.0347754681915806,0
0.27631434123001775,-0.14191082682134457,0.5908071756565387,0.22921235997513612,0.11604498274816988,-1.013648844908344,0
0.2769412498291678,-0.14260325937132387,0.5888693580490811,0.23495497540896235,0.12090024292457761,-0.9927861183234455,0
0.27756455739270175,-0.1432368307428834,0.5869175148723941,0.24069590203254712,0.12576674351131362,-0.9721856171337561,0
0.27818405388135864,-0.14381239621942965,0.5849541869379906,0.2464330285849154,0.13063821233885775,-0.9518456700361505,0
0.2787995292558776,-0.14433081108436904,0.5829819150573844,0.25216424380509284,0.1355083772376904,-0.9317646057275001,0
0.2794107734769978,-0.14479293062110804,0.5810032400420881,0.25788743643210477,0.14037096603829197,-0.9119407529046771,0
0.28001757650545855,-0.1451996101130532,0.5790207027036154,0.2636004952049768,0.14521970657114258,-0.8923724402645546,0
0.2806197283019987,-0.14555170484361096,0.5770368438534792,0.2693013088627343,0.15004832666672255,-0.873057996504005,0
0.2812170188273576,-0.14585007009618772,0.5750542043031929,0.2749877661444025,0.1548505541555121,-0.8539957503199004,0
0.2818092380422745,-0.1460955611541901,0.5730753248642695,0.2806577557890075,0.15962011686799185,-0.8351840304091129,0
0.2823961759074882,-0.1462890333010244,0.5711027463482226,0.28630916653557376,0.16435074263464142,-0.8166211654685165,0
0.28297762238373814,-0.1464313418200973,0.569139009566565,0.29193988712312735,0.16903615928594146,-0.798305484194983,0
0.2835533674317634,-0.14652334199481504,0.5671866553308103,0.29754780629069344,0.17367009465237213,-0.7802353152853849,0
0.28412320101230304,-0.14656588910858426,0.5652482244524715,0.30313081277729764,0.17824627656441372,-0.7624089874365947,0
0.28468691308609634,-0.1465598384448114,0.563326257743062,0.30868679532196536,0.18275843285254656,-0.7448248293454849,0
0.2852442936138823,-0.1465060452869029,0.5614232960140946,0.3142136426637218,0.18720029134725077,-0.7274811697089278,0
0.2857951325564003,-0.1464053649182653,0.559541880077083,0.31970924354159297,0.19156557987900694,-0.7103763372237957,0
0.2863392198743892,-0.14625865262230497,0.5576845507435404,0.32517148669460366,0.19584802627829487,-0.6935086605869621,0
0.2868763455285884,-0.14606676368242846,0.5558538488249797,0.33059826086177946,0.200041358375595,-0.676876468495299,0
0.28740629947973684,-0.14583055338204223,0.5540523151329143,0.33598745478214587,0.20413930400138763,-0.660478089645679,0
0.2879288716885737,-0.14555087700455271,0.5522824904788574,0.3413369571947283,0.20813559098615297,-0.6443118527349745,0
0.2884438521158383,-0.14522858983336645,0.550546915674322,0.34664465683855233,0.21202394716037143,-0.6283760864600579,0
0.28895103072226963,-0.1448645471518899,0.548848131530822,0.35190844245264324,0.21579810035452315,-0.6126691195178022,0
0.28945019746860695,-0.1444596042435295,0.5471886788598699,0.3571262027760268,0.21945177839908864,-0.5971892806050786,0
0.28994114231558926,-0.14401461639169175,0.5455710984729792,0.36229582654772785,0.2229787091245476,-0.5819348984187614,0
0.2904236552239558,-0.14353043887978315,0.5439979311816633,0.3674152025067721,0.22637262036138073,-0.5669043016557224,0
0.2908975261544457,-0.1430079269912101,0.5424717177974351,0.37248221939218495,0.2296272399400682,-0.5520958190128337,0
0.2913625450677981,-0.14244793600937913,0.540994999131808,0.3774947659429919,0.23273629569109017,-0.5375077791869685,0
0.29181850192475206,-0.1418513212176967,0.5395703159962951,0.38245073089821846,0.235693515444927,-0.5231385108749986,0
0.29226518668604706,-0.14121893789956927,0.53820020920241,0.3873480029968899,0.23849262703205898,-0.5089863427737973,0
0.2927023893124219,-0.1405516413384033,0.5368872195616653,0.39218447097803183,0.2411273582829664,-0.49504960358023586,0
0.29312989976461573,-0.1398502868176053,0.5356338878855746,0.39695802358066945,0.24359143702812935,-0.48132662199118836,0
0.29354750800336793,-0.1391157296205818,0.5344427549856513,0.4016665495438283,0.24587859109802826,-0.4678157267035267,0
0.29395500398941754,-0.13834882503073917,0.5333163616734082,0.40630793760653383,0.2479825483231433,-0.4545152464141232,0
0.2943521776835037,-0.13755042833148393,0.5322572487603588,0.4108800765078115,0.24989703653395473,-0.44142350981985046,0
0.2947388190463655,-0.13672139480622256,0.5312679570580162,0.41538085498668653,0.2516157835609429,-0.42853884561758115,0
0.2951147180387421,-0.1358625797383615,0.5303510273778937,0.41980816178218466,0.2531325172345879,-0.4158595825041876,0
0.2954796646213727,-0.1349748384113072,0.5295090005315044,0.42415988563333124,0.2544409653853701,-0.40338404917654175,0
0.29583344875499656,-0.13405902610846623,0.5287444173303618,0.42843391527915164,0.2555348558437699,-0.3911105743315176,0
0.2961758604003526,-0.13311599811324504,0.528059818585979,0.43262813945867123,0.25640791644026734,-0.37903748666598663,0
0.29650668951818004,-0.13214660970905,0.5274577451098688,0.43674044691091546,0.2570538750053427,-0.36716311487682146,0
0.2968257260692181,-0.13115171617928775,0.526940737713545,0.4407687263749098,0.2574664593694764,-0.3554857876608949,0
0.2971327600142059,-0.13013217280736464,0.5265113372085206,0.44471086658967984,0.2576393973631486,-0.3440038337150793,0
0.2974275813138825,-0.12908883487668715,0.5261720844063087,0.4485647562942507,0.25756641681683956,-0.3327155817362471,0
0.2977099799289872,-0.12802255767066176,0.5259255201184228,0.4523282842276482,0.2572412455610295,-0.32161936042127043,0
0.297979745820259,-0.12693419647269497,0.5257741851563759,0.45599933912889734,0.25665761142619875,-0.3107134984670227,0
0.29823666894843714,-0.12582460656619332,0.5257206203316813,0.4595758097370239,0.2558092422428276,-0.2999963245703761,0
0.2984805392742607,-0.12469464323456315,0.5257673664558522,0.46305558479105297,0.2546898658413962,-0.2894661674282029,0
0.2987111467584689,-0.12354516176121104,0.5259169643404017,0.46643655303001025,0.25329321005238487,-0.2791213557373758,0
0.2989282813618009,-0.12237701742954338,0.5261719547968433,0.46971660319292113,0.2516130027062739,-0.2689602181947673,0
0.2991317330449957,-0.12119106552296671,0.5265348786366901,0.47289362401881097,0.24964297163354357,-0.25898108349724996,0
0.2993212917687927,-0.11998816132488746,0.5270082766714553,0.47596550424670553,0.24737684466467405,-0.2491822803416958,0
0.2994967474939308,-0.11876916011871211,0.527594689712652,0.4789301326156296,0.24480834963014558,-0.2395621374249781,0
0.2996578901811493,-0.11753491718784718,0.5282966585717938,0.48178539786460917,0.24193121436043866,-0.23011898344396917,0
0.2998045097911872,-0.1162862878156991,0.5291167240603935,0.4845291887326693,0.23873916668603326,-0.22085114709554138,0
0.2999363962847838,-0.11502412728567435,0.5300574269899643,0.4871593939588357,0.23522593443740988,-0.2117569570765673,0
0.30005333962267816,-0.11374929088117942,0.53112130817202,0.48967390228213364,0.23138524544504854,-0.20283474208391947,0
0.3001551997003772,-0.11246261747354613,0.5323102621791231,0.49207094376595034,0.22721254637858423,-0.19408249929929797,0
0.3002422277475859,-0.11116485409700873,0.5336225674225248,0.4943506584234708,0.2227129020212797,-0.1854963708439162,0
0.3003148110389871,-0.10985671585918781,0.5350552451767684,0.49651385025042705,0.2178947208356911,-0.17707185393838,0
0.30037333698585494,-0.10853891783564883,0.5366053154542116,0.4985613239092005,0.2127664146414818,-0.16880444515580345,0
0.3004181929994637,-0.10721217510195737,0.5382697982672122,0.5004938840621728,0.20733639525831526,-0.16068964106930103,0
0.3004497664910875,-0.10587720273367898,0.5400457136281285,0.5023123353717251,0.20161307450585506,-0.1527229382519871,0
0.30046844487200053,-0.1045347158063792,0.541930081549318,0.504017482500239,0.19560486420376458,-0.14489983327697614,0
0.300474615553477,-0.10318542939562364,0.5439199220431387,0.505610130110096,0.18932017617170763,-0.13721582271738259,0
0.30046866594679095,-0.10183005857697773,0.5460122551219482,0.5070910828636774,0.1827674222293472,-0.12966640314632055,0
0.30045098346321664,-0.1004693184260072,0.5482041007981047,0.5084611454233646,0.17595501419634735,-0.12224707113690515,0
0.30042195551402834,-0.09910392401827756,0.5504924790839658,0.5097211224515391,0.16889136389237144,-0.11495332326225051,0
0.30038196951050017,-0.09773459042935433,0.5528744099918895,0.5108718186105824,0.16158488313708294,-0.107780656095471,0
0.3003314128639062,-0.09636203273480304,0.5553469135342337,0.5119140385628755,0.15404398375014527,-0.10072456620968118,0
0.3002706729855208,-0.09498696601018936,0.5579070097233563,0.5128485869708005,0.14627707755122213,-0.09378055017799544,0
0.3002001372866179,-0.09361010533107876,0.560551718571615,0.5136762684967383,0.138292576359977,-0.08694410457352823,0
0.300120193178472,-0.09223216577303676,0.5632780600913678,0.5143978878030705,0.13009889199607289,-0.08021072596939365,0
0.3000312280723569,-0.09085386241162904,0.5660830542949722,0.5150142495521786,0.12170443627917409,-0.07357591093870681,0
0.29993362937954715,-0.08947591032242112,0.5689637211947868,0.5155261584064439,0.11311762102894386,-0.0670351560545818,0
0.2998277845113167,-0.08809902458097854,0.5719170808031688,0.515934419028248,0.10434685806504553,-0.060583957890133114,0
0.2997140808789398,-0.08672392026286686,0.5749401531324762,0.516239836079972,0.09540055920714285,-0.05421781301847513,0
0.2995929058936906,-0.08535131244365163,0.5780299581950669,0.5164432142239975,0.08628713627489917,-0.04793221801272236,0
0.2994646469668432,-0.08398191619889843,0.5811835160032989,0.516545358122706,0.07701500108797805,-0.04172266944598923,0
0.29932969150967187,-0.08261644660417274,0.58439784656953,0.516547072438479,0.06759256546604257,-0.03558466389138991,0
0.2991884269334509,-0.08125561873504025,0.5876699699061179,0.5164491618336976,0.05802824122875709,-0.029513697922039353,0
0.29904124064945425,-0.07990014766706648,0.5909969060254207,0.5162524309707435,0.0483304401957847,-0.02350526811105179,0
0.2988885200689562,-0.07855074847581693,0.5943756749397959,0.5159576845119981,0.03850757418678896,-0.017554871031541627,0
0.298730652603231,-0.07720813623685725,0.5978032966616019,0.5155657271198426,0.028568055021433465,-0.011658003256623329,0
0.2985680256635528,-0.07587302602575291,0.6012767912031962,0.5150773634566588,0.01852029451938147,-0.0058101613594112875,0
0.29840102666119567,-0.07454613291806945,0.6047931785769368,0.5144933981848279,0.008372704500296264,-6.841913019791368e-06,0
0.2982300430074337,-0.07322817198937255,0.6083494787951813,0.513814635966731,-0.0018663032161579701,0.00575645850943631,0
0.29805546211354145,-0.07191985831522772,0.6119427118702879,0.5130418814647503,-0.01218831681031779,0.011484243334842749,0
0.2978776713907927,-0.07062190697120047,0.6155698978146141,0.5121759393412666,-0.022584924462520094,0.01718101599008513,0
0.29769705825046194,-0.06933503303285646,0.6192280566405182,0.5112176142586616,-0.033047714353100895,0.022851279902048993,0
0.2975140101038231,-0.06805995157576111,0.6229142083603576,0.5101677108793164,-0.043568274662397204,0.02849953849761989,0
0.29732891436215053,-0.0667973776754801,0.6266253729864906,0.509027033865613,-0.0541381935707452,0.03413029520368339,0
0.2971421584367182,-0.06554802640757885,0.6303585705312748,0.507796387879932,-0.06474905925848183,0.039748053447125245,0
0.2969541297388005,-0.06431261284762312,0.6341108210070682,0.5064765775846557,-0.07539245990594272,0.045357316654830594,0
0.2967652156796716,-0.06309185207117834,0.6378791444262285,0.5050684076421652,-0.0860599836934648,0.05096258825368518,0
0.29657580367060554,-0.061886459153810094,0.6416605608011137,0.5035726827148418,-0.09674321880138462,0.056568371670574595,0
0.2963862811228766,-0.06069714917108391,0.6454520901440814,0.5019902074650668,-0.10743375341003857,0.06217917033238437,0
0.296197035447759,-0.05952463719856544,0.64925075246749,0.5003217865552221,-0.11812317569976309,0.0677994876660001,0
0.29600845405652665,-0.05836963831182011,0.6530535677836967,0.4985682246476886,-0.12880307385089484,0.07343382709830727,0
0.29582092436045404,-0.057232867586413536,0.6568575561050599,0.4967303264048479,-0.13946503604377064,0.07908669205619175,0
0.29563483377081523,-0.05611504009791134,0.6606597374439371,0.4948088964890817,-0.15010065045872611,0.08476258596653857,0
0.2954505696988843,-0.05501687092187901,0.6644571318126864,0.49280473956277104,-0.16070150527609814,0.09046601225623353,0
0.2952685195559357,-0.05393907513388222,0.6682467592236654,0.49071866028829775,-0.17125918867622275,0.09620147435216193,0
0.29508907075324337,-0.05288236780948631,0.6720256396892326,0.4885514633280429,-0.18176528883943796,0.10197347568121014,0
0.29491261070208147,-0.051847464024256974,0.6757907932217451,0.48630395334438786,-0.1922113939460791,0.10778651967026316,0
0.29473952681372434,-0.050835078853759846,0.6795392398335608,0.4839769349997144,-0.20258909217648194,0.11364510974620602,0
0.294570206499446,-0.04984592737356034,0.6832679995370382,0.48157121295640365,-0.21288997171098453,0.11955374933592532,0
0.2944050371705208,-0.04888072465922415,0.6869740923445345,0.47908759187683747,-0.22310562072992188,0.12551694186630558,0
0.2942444062382227,-0.047940185786316675,0.6906545382684081,0.4765268764233966,-0.23322762741363204,0.1315391907642334,0
0.29408870111382607,-0.04702502583040365,0.6943063573210163,0.47388987125846316,-0.2432475799424498,0.13762499945659332,0
0.2939383092086051,-0.046135959867050484,0.6979265695147177,0.47117738104441803,-0.2531570664967134,0.1437788713702719,0
0.29379361793383374,-0.045273702971822795,0.7015121948618696,0.46839021044364276,-0.26294767525675833,0.1500053099321542,0
0.2936550147007864,-0.04443897022028622,0.7050602533748296,0.46552916411851925,-0.27261099440292036,0.15630881856912518,0
0.29352288692073714,-0.04363247668800618,0.7085677650659563,0.46259504673142815,-0.28213861211553765,0.1626939007080716,0
0.29339762200496017,-0.042854937450548365,0.712031749947607,0.4595886629447516,-0.291522116574945,0.16916505977587773,0
0.2932796073647297,-0.042107067583478215,0.7154492280321402,0.4565108174208706,-0.30075309596148064,0.1757267991994305,0
0.29316923041131987,-0.041389582162361396,0.7188172193319128,0.4533623148221667,-0.30982313845547926,0.18238362240561407,0
0.29306687855600483,-0.04070319626276337,0.7221327438592836,0.4501439598110212,-0.31872383223727896,0.18914003282131528,0
0.29297293921005874,-0.04004862496024974,0.7253928216266099,0.4468565570498156,-0.32744676548721546,0.1960005338734191,0
0.2928877997847559,-0.03942658333038612,0.7285944726462494,0.44350091120093144,-0.3359835263856245,0.20296962898881044,0
0.2928118476913704,-0.03883778644873797,0.7317347169305607,0.44007782692675,-0.3443257031128442,0.21005182159437616,0
0.2927454703411765,-0.03828294939087096,0.7348105744919012,0.4365881088896531,-0.35246488384920943,0.21725161511700053,0
0.2926890551454482,-0.03776278723235053,0.7378190653426286,0.4330325617520213,-0.360392656775058,0.22457351298357023,0
0.29264298951545986,-0.037278015048742334,0.740757209495101,0.429411990176237,-0.3681006100707253,0.23202201862096974,0
0.2926076608624855,-0.036829347915611856,0.7436220269616765,0.4257271988246809,-0.37558033191654894,0.23960163545608584,0
0.2925834565977995,-0.0364175009085247,0.7464105377547126,0.42197899235973463,-0.38282341049286484,0.24731686691580346,0
0.29257076413267585,-0.036043189103046464,0.7491197618865669,0.41816817544378004,-0.3898214339800087,0.2551722164270074,0
0.29256997087838876,-0.03570712757474262,0.7517467193695979,0.41429555273919777,-0.3965659905583183,0.2631721874165846,0
0.29258146424621256,-0.0354100313991788,0.7542884302161631,0.4103619289083702,-0.4030486684081292,0.2713212833114193,0
0.29260563164742115,-0.03515261565192051,0.7567419144386204,0.4063681086136777,-0.40926105570977855,0.2796240075383984,0
0.2926428604932891,-0.03493559540853334,0.759104192049328,0.40231489651750246,-0.41519474064360284,0.2880848635244068,0
0.29269353819509025,-0.03475968574458286,0.7613722830606431,0.39820309728222586,-0.42084131138993763,0.29670835469632934,0
0.29275805216409884,-0.03462560173563459,0.7635432074849239,0.39403351557022875,-0.42619235612912043,0.3054989844810529,0
0.29283678981158917,-0.034534058457254144,0.7656139853345284,0.38980695604389337,-0.43123946304148686,0.3144612563054617,0
0.29293013854883526,-0.03448577098500702,0.7675816366218142,0.3855242233656003,-0.4359742203073743,0.32359967359644265,0
0.2930384857871114,-0.034481454394458814,0.7694431813591394,0.38118612219773185,-0.4403882161071185,0.33291873978087994,0
0.2931622189376918,-0.03452182376117509,0.771195639558862,0.37679345720266855,-0.4444730386210566,0.3424229582856606,0
0.2933017254118506,-0.03460759416072139,0.7728360312333395,0.3723470330427923,-0.4482202760295248,0.3521168325376695,0
0.29345739262086185,-0.034739480668663274,0.7743613763949296,0.3678476543804847,-0.4516215165128589,0.36200486596379117,0
0.2936296079759999,-0.034918198360566324,0.7757686950559908,0.3632961258781267,-0.45466834825139657,0.37209156199091303,0
0.2938187588885388,-0.03514446231199606,0.7770550072288803,0.3586932521981003,-0.4573523594254733,0.3823814240459188,0
0.2940252327697529,-0.03541898759851809,0.7782173329259565,0.3540398380027862,-0.4596651382154263,0.3928789555556959,0
0.29424941703091617,-0.03574248929569791,0.7792526921595769,0.3493366879545667,-0.46159827280159166,0.40358865994712795,0
0.2944916990833029,-0.03611568247910116,0.7801581049420996,0.34458460671582225,-0.46314335136430607,0.41451504064710243,0
0.29475246633818725,-0.03653928222429334,0.780930591285882,0.3397843989489347,-0.4642919620839056,0.42566260108250387,0
0.295032106023283,-0.037014003314628424,0.7815671723705819,0.3349368695540645,-0.46503569690291635,0.4370358403742789,0
0.2953308225401007,-0.037540269490718065,0.7820660320058422,0.33004306025863983,-0.4653698949040058,0.44863496892883936,0
0.2956482943894764,-0.038117667306972164,0.7824286983134661,0.32510469402515796,-0.46530067384103674,0.46044786063939286,0
0.29598410608929815,-0.03874563370546733,0.782657297072438,0.32012361555864616,-0.4648360777085872,0.47246018475874596,0
0.29633784215745423,-0.03942360562828002,0.7827539540617424,0.31510166956413377,-0.4639841505012355,0.4846576105397014,0
0.2967090871118329,-0.040151020017486876,0.7827207950603648,0.31004070074664836,-0.46275293621355984,0.49702580723506623,0
0.2970974254703223,-0.040927313815164366,0.7825599458472893,0.3049425538112186,-0.4611504788401386,0.5095504440976438,0
0.2975024417508106,-0.041751923963389004,0.7822735322015008,0.2998090734628735,-0.4591848223755501,0.5222171903802382,0
0.2979237204711859,-0.042624287404237404,0.7818636799019836,0.29464210440664024,-0.45686401081437233,0.5350117153356556,0
0.29836084614933656,-0.043543841079786004,0.7813325147277226,0.28944349134754815,-0.45419608815118395,0.5479196882166993,0
0.2988134033031507,-0.044510021932111496,0.7806821624577027,0.2842150789906248,-0.45118909838056276,0.5609267782761761,0
0.29928097645051654,-0.04552226690329023,0.7799147488709088,0.2789587120408995,-0.44785108549708763,0.5740186547668883,0
0.29976315010932236,-0.04658001293539896,0.779032399746325,0.2736762352033995,-0.44419009349533617,0.5871809869416431,0
0.3002595087974562,-0.04768269697051409,0.7780372408629362,0.26836949318315373,-0.440214166369887,0.600399444053244,0
0.3007696370328062,-0.04882975595071207,0.7769313979997271,0.26304033068519095,-0.4359313481153186,0.6136596953544945,0
0.3012931193332607,-0.05002062681806967,0.7757169969356826,0.2576905924145386,-0.4313496827262086,0.6269474100982019,0
0.3018295402167078,-0.0512547465146632,0.7743961634497872,0.25232212307622603,-0.42647721419713625,0.6402482575371684,0
0.3023784842010359,-0.0525315519825694,0.7729710233210255,0.2469367673752807,-0.4213219865226787,0.6535479069242012,0
0.30293953580413285,-0.053850480163864595,0.7714437023283826,0.24153637001673176,-0.4158920436974152,0.6668320275121027,0
0.30351227954388715,-0.05521096800062558,0.7698163262508426,0.23612277570560666,-0.4101954297159232,0.68008628855368,0
0.3040962999381868,-0.05661245243492875,0.7680910208673903,0.23069782914693426,-0.404240188572781,0.6932963593017365,0
0.3046911815049201,-0.05805437040885054,0.766269911957011,0.22526337504574345,-0.39803436426256805,0.7064479090090763,0
0.30529650876197517,-0.059536158864467704,0.7643551252986888,0.21982125810706152,-0.39158600077986117,0.7195266069285057,0
0.3059118662272402,-0.061057254743856565,0.7623487866714086,0.21437332303591788,-0.3849031421192397,0.7325181223128276,0
0.30653683841860346,-0.0626170949890939,0.7602530218541549,0.20892141453733987,-0.37799383227528094,0.745408124414849,0
0.307171009853953,-0.06421511654225598,0.7580699566259126,0.2034673773163568,-0.3708661152425642,0.7581822824873725,0
0.30781396505117725,-0.06585075634541962,0.7558017167656664,0.19801305607799613,-0.36352803501566666,0.7708262657832047,0
0.3084652885281643,-0.06752345134066125,0.7534504280524008,0.19256029552728665,-0.355987635589167,0.7833257435551496,0
0.30912456480280215,-0.0692326384700572,0.7510182162651009,0.18711094036925724,-0.34825296095764446,0.7956663850560107,0
0.30979137839297927,-0.07097775467568437,0.7485072071827507,0.1816668353089352,-0.3403320551156757,0.8078338595385948,0
0.3104653138165836,-0.07275823689961897,0.7459195265843357,0.17622982505134996,-0.3322329620578405,0.8198138362557047,0
0.31114595559150354,-0.07457352208393782,0.7432573002488397,0.1708017543015288,-0.32396372577871557,0.831591984460147,0
0.31183288823562716,-0.07642304717071717,0.7405226539552483,0.16538446776450116,-0.31553239027288077,0.8431539734047249,0
0.3125256962668428,-0.0783062491020339,0.7377177134825456,0.15997981014529433,-0.3069469995349129,0.8544854723422447,0
0.31322396420303844,-0.08022256481996436,0.7348446046097163,0.15458962614893723,-0.29821559755939087,0.8655721505255101,0
0.31392727656210245,-0.08217143126658494,0.7319054531157456,0.14921576048045862,-0.28934622834089374,0.8763996772073254,0
0.31463521786192294,-0.08415228538397249,0.7289023847796174,0.14386005784488595,-0.28034693587399845,0.8869537216404965,0
0.31534737262038814,-0.08616456411420324,0.7258375253803174,0.13852436294724854,-0.27122576415328453,0.8972199530778271,0
0.31606332535538617,-0.08820770439935405,0.7227130006968294,0.1332105204925738,-0.26199075717332876,0.9071840407721232,0
0.31678266058480525,-0.0902811431815011,0.7195309365081385,0.12792037518589094,-0.25264995892871106,0.9168316539761878,0
0.3175049628265337,-0.0923843174027213,0.7162934585932291,0.1226557717322275,-0.24321141341400804,0.9261484619428275,0
0.3182298165984596,-0.09451666400509101,0.7130026927310863,0.11741855483661229,-0.23368316462379887,0.9351201339248464,0
0.3189568064184711,-0.09667761993068659,0.7096607647006945,0.112210569204074,-0.22407325655266244,0.9437323391750482,0
0.31968551680445645,-0.09886662212158495,0.7062698002810385,0.10703365953964021,-0.21438973319517565,0.9519707469462392,0
0.32041553227430375,-0.10108310751986223,0.702831925251103,0.10188967054834008,-0.20464063854591807,0.9598210264912226,0
0.3211464373459014,-0.1033265130675954,0.6993492653898725,0.09678044693520117,-0.1948340165994666,0.9672688470628049,0
0.32187781653713743,-0.10559627570686055,0.6958239464763322,0.09170783340525265,-0.1849779113504011,0.974299877913789,0
0.32260925436590016,-0.10789183237973465,0.692258094289466,0.08667367466352204,-0.1750803667932981,0.9808997882969814,0
0.32334033535007767,-0.11021262002829404,0.6886538346082592,0.08167981541503812,-0.1651494269227368,0.9870542474651862,0
0.324070644007558,-0.112558075594615,0.6850132932116965,0.07672810036482965,-0.15519313573329627,0.9927489246712067,0
0.3247997648562297,-0.11492763602077458,0.6813385958787621,0.07182037421792417,-0.14521953721955305,0.9979694891678498,0
0.3255272824139806,-0.11732073824884884,0.6776318683884414,0.06695848167935087,-0.13523667537608716,1.0027016102079191,0
0.32625278119869927,-0.11973681922091471,0.6738952365197182,0.062144267454137245,-0.12525259419747517,1.0069309570442198,0
0.32697584572827365,-0.1221753158790484,0.6701308260515781,0.057379576247312554,-0.11527533767829698,1.0106431989295561,0
0.3276960605205919,-0.12463566516532676,0.6663407627630051,0.05266625276390425,-0.10531294981312929,1.0138240051167333,0
0.32841301009354246,-0.12711730402182622,0.6625271724329843,0.0480061417089411,-0.09537347459655103,1.0164590448585562,0
0.3291262789650133,-0.12961966939062305,0.6586921808405005,0.04340108778745194,-0.08546495602314146,1.018533987407829,0
0.3298354516528926,-0.13214219821379422,0.6548379137645377,0.03885293570446425,-0.07559543808747703,1.0200345020173567,0
0.33054011267506866,-0.13468432743341585,0.6509664969840814,0.03436353016500722,-0.0657729647841379,1.020946257939944,0
0.3312398465494298,-0.1372454939915649,0.6470800562781157,0.02993471587410841,-0.05600558010770055,1.021254924428396,0
0.33193423779386383,-0.13982513483031747,0.6431807174256258,0.025568337536796975,-0.04630132805274494,1.0209461707355167,0
0.33262287092625936,-0.14242268689175058,0.6392706062055957,0.02126623985810044,-0.03666825261384748,1.0200056661141117,0
0.33330533046450433,-0.1450375871179405,0.6353518483970105,0.0170302675430476,-0.027114397785587507,1.018419079816985,0
0.333981200926487,-0.1476692724509636,0.6314265697788555,0.012862265296667163,-0.017647807562544048,1.0161720810969421,0
0.33465006683009546,-0.15031717983289675,0.6274968961301142,0.008764077823986787,-0.008276525939293735,1.0132503392067869,0
0.3353115126932181,-0.15298074620581611,0.6235649532297721,0.004737549830035495,0.0009914030895834794,1.009639523399325,0
0.33596512303374293,-0.15565940851179877,0.6196328668568135,0.0007845260198409408,0.010147935529511178,1.0053253029273603,0
0.33661048236955826,-0.15835260369292067,0.6157027627902238,-0.003093148901567799,0.019185027385909256,1.0002933470436988,0
0.3372471752185523,-0.1610597686912589,0.6117767668089865,-0.006893630229163036,0.028094634664201104,0.9945293250011434,0
0.3378747860986131,-0.16378034044888967,0.607857004692087,-0.010615073257916122,0.036868713369807606,0.9880189060525,0
0.33849289952762895,-0.16651375590788936,0.6039456022185103,-0.014255633282798314,0.04549921950814977,0.9807477594505738,0
0.3391011000234881,-0.16925945201033496,0.6000446851672403,-0.01781346559878196,0.053978109084650935,0.9727015544481683,0
0.3396989721040786,-0.17201686569830257,0.5961563793172626,-0.021286725500838023,0.0622973381047312,0.9638659602980898,0
0.3402861002872888,-0.17478543391386916,0.592282810447561,-0.02467356828393881,0.07044886257381383,0.9542266462531412,0
0.34086206909100675,-0.1775645935991108,0.5884261043371212,-0.027972149243055355,0.07842463849731916,0.9437692815661294,0
0.3414264630331208,-0.18035378169610453,0.5845883867649265,-0.03118062367315986,0.08621662188067031,0.9324795354898565,0
0.34197886663151894,-0.18315243514692658,0.5807717835099625,-0.03429714686922369,0.09381676872928825,0.9203430772771289,0
0.3425188644040895,-0.18595999089365337,0.5769784203512143,-0.037319874126218205,0.10121703504859404,0.9073455761807522,0
0.3430460408687207,-0.1887758858783618,0.5732104230676657,-0.040246960739115614,0.10840937684401084,0.8934727014535292,0
0.34355998054330056,-0.19159955704312798,0.5694699174383018,-0.043076562002887,0.11538575012095896,0.8787101223482664,0
0.3440602679457175,-0.19443044133002896,0.5657590292421072,-0.045806833212504554,0.12213811088486153,0.8630435081177663,0
0.3445464875938595,-0.1972679756811407,0.5620798842580669,-0.04843592966293939,0.1286584151411389,0.8464585280148365,0
0.3450182240056149,-0.20011159703854037,0.5584346082651649,-0.05096200664916368,0.1349386188952141,0.8289408512922789,0
0.3454750616988718,-0.20296074234430414,0.5548253270423863,-0.05338321946614876,0.14097067815250824,0.8104761472028994,0
0.34591658519151847,-0.20581484854050833,0.5512541663687162,-0.055697723408866126,0.14674654891844255,0.7910500849995048,0
0.3463423790014431,-0.20867335256923003,0.5477232520231385,-0.05790367377228782,0.15225818719843978,0.7706483339348961,0
0.34675202764653373,-0.21153569137254521,0.5442347097846387,-0.05999922585138507,0.15749754899792068,0.7492565632618816,0
0.34714511564467876,-0.21440130189253093,0.5407906654322008,-0.061982534941129895,0.16245659032230783,0.7268604422332627,0
0.34752122751376635,-0.21726962107126327,0.5373932447448099,-0.0638517563364936,0.16712726717702228,0.7034456401018481,0
0.34787995207731665,-0.2201400790052749,0.5340445589781354,-0.0656050697960638,0.17150161666255498,0.6789980494451082,0
0.34822113649677156,-0.22301169505843785,0.5307458479889452,-0.06724212289536462,0.17557654158350913,0.653516962320749,0
0.3485450283573517,-0.2258828519590011,0.5274970009657096,-0.06876483832617276,0.1793564865858636,0.6270224399808284,0
0.3488519096893337,-0.2287518776708598,0.5242977909103776,-0.07017533448919022,0.18284654507614656,0.5995363302747623,0
0.34914206252299446,-0.23161710015790812,0.5211479908249,-0.07147572978511853,0.18605181046088518,0.5710804810519761,0
0.3494157688886107,-0.23447684738404118,0.5180473737112253,-0.07266814261465963,0.18897737614660745,0.541676740161884,0
0.3496733108164591,-0.2373294473131531,0.5149957125713043,-0.07375469137851512,0.1916283355398406,0.5113469554539122,0
0.3499149703368167,-0.24017322790913906,0.5119927804070861,-0.07473749447738688,0.19400978204711264,0.4801129747774747,0
0.35014102947995995,-0.24300651713589339,0.5090383502205204,-0.0756186703119766,0.19612680907495098,0.4479966459819947,0
0.35035177027616576,-0.24582764295731055,0.5061321950135574,-0.07640033728298595,0.19798451002988302,0.415019816916895,0
0.3505474747557109,-0.24863493333728562,0.5032740877881464,-0.07708461379111682,0.19958797831843678,0.38120433543159005,0
0.35072842494887213,-0.2514267162397127,0.5004638015462374,-0.07767361823707085,0.2009423073471395,0.34657204937550573,0
0.35089490288592623,-0.25420131962848697,0.4977011092897798,-0.07816946902154988,0.20205259052251906,0.3111448065980563,0
0.3510471905971499,-0.25695707146750263,0.49498578402072385,-0.07857428454525557,0.2029239212511028,0.2749444549486678,0
0.35118557011282003,-0.2596922997206547,0.49231759874101866,-0.07889018320888976,0.20356139293941874,0.23799284227675435,0
0.35131032346321306,-0.26240533235183755,0.48969632645261413,-0.07911928341315409,0.20397009899399401,0.2003118164317389,0
0.3514217326786062,-0.2650944973249458,0.48712174015746046,-0.07926370355875041,0.20415513282135653,0.16192322526304484,0
0.351520079789276,-0.2677581226038743,0.48459361285750685,-0.07932556204638044,0.20412158782803383,0.1228489166200862,0
0.3516056468254993,-0.2703945361525174,0.4821117175547035,-0.07930697727674597,0.2038745574205536,0.08311073835228966,0
0.3516787158175527,-0.27300206593477,0.4796758272509995,-0.07921006765054865,0.20341913500544326,0.04273053830906791,0
0.3517395687957131,-0.27557903991452654,0.4772857149483452,-0.0790369515684903,0.2027604139892306,0.0017301643398484545,0
0.35178848779025723,-0.2781237860556818,0.4749411536486898,-0.07878974743127264,0.201903487778443,-0.039868535705955915,0
0.351825754831462,-0.28063463232213054,0.4726419163539834,-0.07847057363959746,0.20085344977960834,-0.08204371397892121,0
0.3518516519496039,-0.28310990667776686,0.4703877760661757,-0.0780815485941665,0.1996153933992541,-0.12477352262962366,0
0.35186646117495995,-0.285547937086486,0.4681785057872162,-0.07762479069568146,0.19819441204390786,-0.16803611380865086,0
0.35187046453780674,-0.28794705151218214,0.46601387851905496,-0.07710241834484419,0.19659559912009736,-0.21180963966657473,0
0.35186394406842114,-0.2903055779187504,0.4638936672636414,-0.07651654994235631,0.19482404803435008,-0.25607225235398345,0
0.3518471817970798,-0.29262184427008475,0.4618176450229254,-0.0758693038889197,0.19288485219319368,-0.30080210402144825,0
0.35182045975405957,-0.2948941785300805,0.4597855847988565,-0.07516279858523595,0.1907831050031556,-0.34597734681955783,0
0.3517840599696373,-0.297120908662632,0.45779725959338463,-0.07439915243200694,0.18852389987076365,-0.3915761328988874,0
0.3517382644740896,-0.29930036263163373,0.4558524424084596,-0.07358048382993444,0.18611233020254553,-0.4375766144100137,0
0.3516833552976933,-0.3014308684009806,0.45395090624603085,-0.0727089111797201,0.18355348940502858,-0.48395694350352375,0
0.35161961447072526,-0.30351075393456695,0.45209242410804845,-0.07178655288206578,0.18085247088474077,-0.5306952723299895,0
0.3515473240234621,-0.3055383471962878,0.4502767689964618,-0.07081552733767311,0.17801436804820925,-0.5777697530399994,0
0.3514667659861806,-0.30751197615003734,0.44850371391322086,-0.06979795294724396,0.17504427430196204,-0.6251585377841249,0
0.35137822238915767,-0.30942996875971074,0.4467730318602752,-0.06873594811147996,0.17194728305252638,-0.672839778712954,0
0.35128197526266997,-0.3112906529892022,0.4450844958395747,-0.0676316312310829,0.16872848770643004,-0.7207916279770633,0
0.35117830663699423,-0.31309235680240644,0.443437878853069,-0.06648712070675464,0.16539298167020094,-0.768992237727027,0
0.35106749854240726,-0.31483340816321825,0.4418329539027078,-0.06530453493919675,0.1619458583503661,-0.817419760113435,0
0.3509498330091858,-0.316512135035532,0.4402694939904409,-0.06408599232911116,0.15839221115345378,-0.8660523472868575,0
0.3508255920676068,-0.31812686538324264,0.43874727211821796,-0.06283361127719943,0.15473713348599094,-0.9148681513978831,0
0.3506950577479467,-0.3196759271702445,0.4372660612879888,-0.06154951018416353,0.15098571875450575,-0.9638453245970836,0
0.3505585120804824,-0.32115764836043253,0.4358256345017029,-0.06023580745070496,0.14714306036552524,-1.0129620190350477,0
0.35041623709549086,-0.3225703569177012,0.43442576476131034,-0.05889462147752561,0.14321425172557742,-1.0621963868623503,0
0.35026851482324856,-0.323912380805945,0.4330662250687607,-0.05752807066532735,0.13920438624119005,-1.111526580229567,0
0.35011562729403245,-0.32518204798905886,0.4317467884260036,-0.05613827341481167,0.13511855731889022,-1.1609307512872868,0
0.3499578565381193,-0.3263776864309371,0.4304672278349889,-0.05472734812668056,0.1309618583652062,-1.210387052186081,0
0.3497954845857857,-0.32749762409547467,0.42922731629766625,-0.053297413201635564,0.12673938278666486,-1.259873635076537,0
0.3496287934673085,-0.32854018894656595,0.42802682681598553,-0.051850587040378635,0.12245622398979455,-1.3093686521092276,0
0.3494580652129647,-0.32950370894810593,0.42686553239189634,-0.05038898804361131,0.11811747538112215,-1.3588502554347406,0
0.3492835818530307,-0.33038651206398884,0.4257432060273482,-0.048914734612035424,0.11372823036717557,-1.4082965972036512,0
0.3491056254177835,-0.33118692625810936,0.42465962072429125,-0.04742994514635289,0.10929358235448292,-1.4576858295665358,0
0.34892447793749976,-0.3319032794943624,0.42361454948467503,-0.045936738047265196,0.10481862474957096,-1.5069961046739817,0
0.34874042144245626,-0.3325338997366423,0.42260776531044925,-0.044437231715474326,0.10030845095896809,-1.5562055746765617,0
0.3485537379629299,-0.33307711494884407,0.42163904120356366,-0.042933544551681815,0.09576815438920117,-1.6052923917248636,0
0.34836470952919724,-0.3335312530948619,0.42070815016596796,-0.04142779495658962,0.09120282844679851,-1.6542347079694584,0
0.3481736181715352,-0.3338946421385907,0.41981486519961186,-0.0399221013308993,0.08661756653828707,-1.7030106755609342,0
0.3479807459202205,-0.3341656100439251,0.41895895930644517,-0.03841858207531266,0.08201746207019471,-1.7515984466498684,0
0.3477863748055299,-0.33434248477475964,0.4181402054884176,-0.03691935559053161,0.07740760844904955,-1.799976173386835,0
0.34759078685774014,-0.3344235942949891,0.4173583767474789,-0.035426540277257654,0.07279309908137824,-1.8481220079224232,0
0.3473942641071279,-0.33440726656850783,0.4166132460855787,-0.033942254536192776,0.06817902737370937,-1.8960141024072033,0
0.34719708858397025,-0.33429182955921066,0.4159045865046667,-0.03246861676803853,0.06357048673256972,-1.9436306089917643,0
0.3469995423185437,-0.33407561123099233,0.41523217100669285,-0.03100774537349684,0.05897257056448762,-1.9909496798266788,0
0.34680190734112504,-0.3337569395477473,0.4145957725936067,-0.029561758753269243,0.054390372275989925,-2.0379494670625333,0
0.34660446568199105,-0.3333341424733703,0.413995164267358,-0.028132775308057596,0.04982898527360457,-2.0846081228499047,0
0.3464074993714186,-0.3328055479717558,0.4134301190298965,-0.026722913438563818,0.045293502963859714,-2.130903799339368,0
0.3462112904396843,-0.3321694840067987,0.41290040988317184,-0.025334291545489357,0.040789018753282044,-2.1768146486815114,0
0.346016120917065,-0.3314242785423935,0.412405809829134,-0.02396902802953625,0.03632062604840001,-2.222318823026908,0
0.3458222728338375,-0.3305682595424347,0.41194609186973236,-0.022629241291405974,0.03189341825574041,-2.2673944745261436,0
0.3456300282202785,-0.3295997549708171,0.41152102900691695,-0.02131704973180042,0.027512488781831247,-2.3120197553297954,0
0.34543966910666485,-0.3285170927914355,0.4111303942426373,-0.020034571751421454,0.023182931033200578,-2.3561728175884387,0
0.34525147752327323,-0.32731860096818416,0.41077396057884324,-0.018783925750970588,0.018909838416375165,-2.3998318134526624,0
0.3450657355003804,-0.3260026074649579,0.41045150101748445,-0.017567230131149802,0.014698304337883453,-2.4429748950730366,0
0.34488272506826323,-0.3245674402456514,0.4101627885605108,-0.016386603292660628,0.010553422204252217,-2.485580214600151,0
0.34470272825719833,-0.32301142727415927,0.40990759620987177,-0.015244163636205023,0.006480285422009873,-2.527625924184577,0
0.3445260270974626,-0.3213328965143761,0.4096856969675173,-0.014142029562484514,0.002483987397683199,-2.5690901759769025,0
0.34435290361933285,-0.31953017593019645,0.40949686383539696,-0.01308231947220099,-0.0014303784621997084,-2.6099511221277023,0
0.34418363985308564,-0.3176015934855153,0.4093408698154606,-0.012067151766056269,-0.005257718751110921,-2.6501869147875543,0
0.34401851782899784,-0.31554547714422676,0.40921748790965784,-0.011098644844751928,-0.008992940062523594,-2.689775706107044,0
0.34385781957734635,-0.313360154870226,0.40912649111993854,-0.010178917108989896,-0.01263094898990936,-2.7286956482367453,0
0.34370182712840763,-0.3110439546274072,0.4090676524482523,-0.009310086959471761,-0.016166652126741263,-2.7669248933272446,0
0.3435508225124588,-0.30859520437966537,0.40904074489654885,-0.00849427279689941,-0.01959495606649114,-2.804441593529115,0
0.3434050877597764,-0.30601223209089484,0.4090455414667782,-0.007733593021974441,-0.02291076740263192,-2.8412239009929436,0
0.3432649049006372,-0.3032933657249902,0.4090818151608896,-0.007030166035398715,-0.02610899272863573,-2.877249967869306,0
0.3431305559653181,-0.3004369332458467,0.4091493389808331,-0.006386110237874004,-0.029184538637974697,-2.91249794630878,0
0.3430023229840958,-0.29744126261735815,0.4092478859285584,-0.005803544030101954,-0.03213231172412171,-2.946945988461951,0
0.34288048798724696,-0.29430468180341995,0.40937722900601514,-0.005284585812784413,-0.034947218580548715,-2.980572246479394,0
0.3427653330050486,-0.29102551876792604,0.40953714121515317,-0.004831353986623067,-0.037624165800728485,-3.013354872511693,0
0.3426571400677771,-0.28760210147477167,0.40972739555792204,-0.004445966952319733,-0.040158059978132994,-3.045272018709422,0
0.3425561773570938,-0.28403288846776115,0.4099477585095314,-0.0041304527371263415,-0.04254400145313249,-3.076302583608517,0
0.3424624644443081,-0.2803186824612491,0.4101978793771505,-0.003885216984125289,-0.04478056871039887,-3.106438864854674,0
0.3423758058594233,-0.27646231381443714,0.4104773061207267,-0.0037092620174715265,-0.046869348736426814,-3.1356847499652756,0
0.34229599904195096,-0.2724666797434396,0.410785583358516,-0.0036015438901136083,-0.048812027716123196,-3.1640445086070126,0
0.3422228414314033,-0.2683346774643728,0.411122255708775,-0.0035610186550001414,-0.050610291834394236,-3.191522410446567,0
0.3421561304672917,-0.26406920419335106,0.4114868677897598,-0.00358664236507981,-0.052265827276146516,-3.218122725150625,0
0.34209566358912824,-0.25967315714649025,0.41187896421972664,-0.0036773710733012093,-0.05378032022628625,-3.2438497223858693,0
0.3420412382364247,-0.25514943353990516,0.4122980896169321,-0.003832160832612934,-0.05515545686972026,-3.2687076718189894,0
0.3419926518486929,-0.25050093058971135,0.4127437885996323,-0.0040499676959636095,-0.05639292339135489,-3.2927008431166684,0
0.34194970186544454,-0.24573054551202436,0.41321560578608335,-0.004329747716301876,-0.057494405976096334,-3.3158335059455872,0
0.3419121857261916,-0.2408411755229587,0.41371308579454186,-0.00467045694657635,-0.058461590808851396,-3.338109929972437,0
0.34187990087044584,-0.2358357178386305,0.4142357732432638,-0.0050710514397356325,-0.05929616407452627,-3.3595343848638977,0
0.3418526447377191,-0.23071706967515412,0.4147832127505058,-0.005530487248728379,-0.059999811958027616,-3.38011114028666,0
0.3418302147675232,-0.22548812824864575,0.41535494893452385,-0.006047720426503149,-0.0605742206442618,-3.3998444659074027,0
0.3418124083993699,-0.2201517907752197,0.4159505264135744,-0.006621707026008655,-0.0610210763181353,-3.4187386313928156,0
0.34179902307277105,-0.21471095447099162,0.4165694898059137,-0.007251403100193473,-0.06134206516455456,-3.436797906409582,0
0.34178985622723856,-0.20916851655207738,0.417211383729798,-0.007935764702006173,-0.06153887336842598,-3.454026560624385,0
0.34178470530228405,-0.2035273742345912,0.4178757528034836,-0.008673747884395452,-0.061613187114656125,-3.4704288637039125,0
0.3417833677374196,-0.19779042473464944,0.4185621416452268,-0.009464308700309822,-0.0615666925881514,-3.486009085314848,0
0.34178564097215675,-0.19196056526836608,0.419270094873284,-0.010306403202698083,-0.06140107597381822,-3.500771495123877,0
0.3417913224460075,-0.1860406930518577,0.41999915710591124,-0.011198987444508665,-0.061118023456563204,-3.5147203627976844,0
0.34180020959848373,-0.18003370530123833,0.42074887296136515,-0.012141017478690366,-0.06071922122129255,-3.5278599580029564,0
0.3418120998690971,-0.17394249923262384,0.42151878705790163,-0.01313144935819169,-0.06020635545291292,-3.5401945504063757,0
0.34182679069735944,-0.16776997206213,0.42230844401377726,-0.014169239135961194,-0.05958111233633079,-3.5517284096746278,0
0.34184407952278256,-0.16151902100587096,0.42311738844724817,-0.015253342864947705,-0.058845178056452396,-3.5624658054743996,0
0.3418637637848784,-0.15519254327996312,0.42394516497657064,-0.016382716598099603,-0.058000238798184486,-3.5724110074723736,0
0.3418856409231588,-0.1487934361005207,0.4247913182200012,-0.017556316388365734,-0.0570479807464333,-3.581568285335238,0
0.3419095083771355,-0.1423245966836599,0.4256553927957959,-0.018773098288694518,-0.0559900900861054,-3.5899419087296742,0
0.3419351635863202,-0.1357889222454949,0.4265369333222111,-0.020032018352034796,-0.05482825300210715,-3.5975361473223697,0
0.34196240399022493,-0.12918931000214162,0.4274354844175031,-0.021332032631335037,-0.05356415567934507,-3.6043552707800095,0
0.3419910270283613,-0.12252865716971585,0.42835059069992804,-0.022672097179543795,-0.0521994843027257,-3.610403548769276,0
0.3420208301402413,-0.11580986096433175,0.4292817967877424,-0.024051168049609863,-0.05073592505715536,-3.615685250956857,0
0.34205161076537677,-0.10903581860210561,0.43022864729920235,-0.02546820129448172,-0.04917516412754065,-3.620204647009437,0
0.34208316634327945,-0.10220942729915153,0.4311906868525644,-0.02692215296710816,-0.04751888769878778,-3.623966006593701,0
0.3421152943134611,-0.09533358427158616,0.4321674600660845,-0.028411979120437532,-0.045768781955803584,-3.6269735993763326,0
0.34214779211543367,-0.08841118673552337,0.4331585115580192,-0.029936635807418736,-0.043926533083494174,-3.6292316950240187,0
0.3421804571887089,-0.08144513190707896,0.4341633859466247,-0.03149507908100032,-0.041993827266766044,-3.630744563203443,0
0.3422130869727986,-0.07443831700236893,0.4351816278501573,-0.033086264994130705,-0.03997235069052596,-3.631516473581291,0
0.3422454789072146,-0.06739363923750731,0.4362127818868732,-0.034709149599758814,-0.03786378953967994,-3.631551695824247,0
0.3422774304314688,-0.06031399582861059,0.4372563926750288,-0.036362688950832944,-0.035669829999134955,-3.6308544995989984,0
0.3423087389850729,-0.05320228399179272,0.43831200483288035,-0.03804583910030207,-0.033392158253796926,-3.6294291545722275,0
0.34233920200753876,-0.0460614009431703,0.439379162978684,-0.03975755610111446,-0.031032460488572756,-3.62727993041062,0
0.3423686169383783,-0.038894243898857296,0.4404574117306964,-0.041496796006219035,-0.028592422888368576,-3.6244110967808623,0
0.34239678121710326,-0.031703710074969416,0.4415462957071736,-0.04326251486856435,-0.026073731638090847,-3.6208269233496373,0
0.3424234922832253,-0.02449269668762284,0.4426453595263717,-0.045053668741098764,-0.02347807292264644,-3.6165316797836313,0
0.3424485475762565,-0.017264100952931488,0.44375414780654737,-0.04686921367677126,-0.02080713292694134,-3.611529635749529,0
0.34247174453570856,-0.010020820087011736,0.44487220516595655,-0.04870810572853014,-0.018062597835882363,-3.605825060914016,0
0.34249288060109334,-0.002765751305977764,0.4459990762228559,-0.05056930094932434,-0.015246153834375616,-3.599422224943777,0
0.3425117532119227,0.004498208174053947,0.4471343055955014,-0.05245175539210212,-0.012359487107328005,-3.592325397505497,0
0.34252815980770823,0.011768161136969593,0.44827743790214947,-0.05435442510981251,-0.009404283839645379,-3.5845388482658596,0
0.34254189782796196,0.01904121036665304,0.44942801776105634,-0.056276266155403896,-0.006382230216234629,-3.5760668468915524,0
0.34255276471219565,0.02631445864698842,0.45058558979047825,-0.05821623458182473,-0.003295012422002364,-3.566913663049258,0
0.3425605578999213,0.03358500876186202,0.4517496986086718,-0.06017328644202405,-0.00014431664185447012,-3.5570835664056633,0
0.3425650748306504,0.040849963495156946,0.4529198888338929,-0.06214637778895005,0.0030681709393019295,-3.5465808266274528,0
0.342566112943895,0.0481064256307594,0.454095705084398,-0.06413446467555171,0.00634076413656098,-3.5354097133813105,0
0.34256346967916684,0.05535149795255282,0.45527669197844334,-0.06613650315477733,0.00967177676501571,-3.5235744963339233,0
0.34255694247597773,0.06258228324442326,0.4564623941342853,-0.06815144927957585,0.013059522639760169,-3.5110794451519736,0
0.34254632877383956,0.06979588429025468,0.4576523561701801,-0.07017825910289575,0.01650231557588764,-3.4979288295021482,0
0.34253142601226405,0.07698940387393138,0.45884612270438396,-0.07221588867768544,0.01999846938849137,-3.484126919051132,0
0.34251203163076305,0.08415994477933925,0.4600432383551533,-0.07426329405689393,0.02354629789266549,-3.4696779834656097,0
0.34248794306884844,0.09130460979036181,0.4612432477407443,-0.07631943129346948,0.02714411490350297,-3.4545862924122672,0
0.3424589577660321,0.09842050169088504,0.46244569547941344,-0.078383256440361,0.030790234236097863,-3.4388561155577877,0
0.3424248731618255,0.10550472326479238,0.46365012618941664,-0.08045372555051682,0.03448296970554318,-3.422491722568858,0
0.3423854866957409,0.11255437729596997,0.46485608448901067,-0.08252979467688594,0.038220635126933154,-3.405497383112162,0
0.34234059580728987,0.11956656656830178,0.4660631149964515,-0.08461041987241673,0.04200154431536089,-3.387877366854384,0
0.3422899979359844,0.126538393865672,0.46727076232999537,-0.08669455719005768,0.04582401108591963,-3.369635943462212,0
0.3422334905213361,0.13346696197196653,0.4684785711078989,-0.08878116268275772,0.04968634925370355,-3.3507773826023284,0
0.3421708710028569,0.140349373671069,0.4696860859484179,-0.09086919240346518,0.05358687263380566,-3.331305953941419,0
0.3421019368200586,0.14718273174686533,0.470892851469809,-0.09295760240512899,0.057523895041319995,-3.311225927146168,0
0.34202648541245306,0.153964138983239,0.4720984122903284,-0.09504534874069745,0.06149573029133955,-3.290541571883263,0
0.34194431421955207,0.16069069816407597,0.47330231302823256,-0.0971313874631195,0.06550069219895846,-3.2692571578193856,0
0.3418552206808675,0.16735951207326044,0.47450409830177753,-0.0992146746253436,0.06953709457927003,-3.2473769546212217,0
0.34175900223591094,0.17396768349467653,0.4757033127292195,-0.10129416628031819,0.07360325124736734,-3.2249052319554594,0
0.3416554563241946,0.18051231521221012,0.47689950092881517,-0.10336881848099225,0.0776974760183447,-3.2018462594887795,0
0.34154438038523005,0.1869905100097448,0.4780922075188204,-0.10543758728031402,0.08181808270729493,-3.1782043068878703,0
0.34142557185852906,0.19339937067116655,0.4792809771174919,-0.10749942873123253,0.08596338512931229,-3.153983643819414,0
0.3412988281836036,0.19973599998035885,0.4804653543430855,-0.109553298886696,0.0901316970994896,-3.1291885399500985,0
0.34116394679996537,0.2059975007212076,0.4816448838138578,-0.11159815379965339,0.09432133243292115,-3.1038232649466044,0
0.3410207251471263,0.21218097567759697,0.482819110148065,-0.1136329495230532,0.09853060494470002,-3.0778920884756213,0
0.34086896066459815,0.21828352763341122,0.4839875779639633,-0.1156566421098438,0.10275782844991949,-3.051399280203834,0
0.3407084507918927,0.22430225937253612,0.48514983187980926,-0.11766818761297423,0.10700131676367379,-3.024349109797924,0
0.3405389929685219,0.23023427367885546,0.4863054165138588,-0.11966654208539279,0.1112593837010558,-2.99674584692458,0
0.3403603846339975,0.23607667333625482,0.48745387648436855,-0.12165066158004834,0.11553034307715969,-2.9685937612504834,0
0.3401724232278312,0.241826561128618,0.48859475640959443,-0.12361950214988918,0.11981250870707831,-2.939897122442323,0
0.33997490618953496,0.2474810398398308,0.48972760090779316,-0.12557201984786434,0.12410419440590598,-2.91066020016678,0
0.33976763095862067,0.25303721225377757,0.49085195459722086,-0.1275071707269223,0.12840371398873585,-2.880887264090542,0
0.33955039497459993,0.2584921811543423,0.49196736209613356,-0.12942391084001134,0.13270938127066104,-2.8505825838802954,0
0.33932299567698476,0.2638430493254108,0.4930733680227879,-0.13132119624008057,0.13701951006677585,-2.8197504292027213,0
0.33908523050528677,0.269086919550867,0.4941695169954399,-0.1331979829800782,0.14133241419217316,-2.7883950697245083,0
0.338836896899018,0.2742208946145963,0.495255353632346,-0.1350532271129532,0.14564640746194712,-2.7565207751123375,0
0.33857779229769025,0.2792420773004829,0.4963304225517625,-0.13688588469165394,0.1499598036911907,-2.7241318150328993,0
0.33830771414081523,0.28414757039241206,0.4973942683719457,-0.13869491176912924,0.15427091669499804,-2.6912324591528725,0
0.3380264598679047,0.28893447667426836,0.4984464357111518,-0.14047926439832764,0.15857806028846239,-2.657826977138945,0
0.3377338269184706,0.2935998989299359,0.49948646918763706,-0.14223789863219755,0.16287954828667683,-2.6239196386578048,0
0.33742961273202476,0.2981409399433004,0.5005139134196579,-0.14396977052368795,0.16717369450473576,-2.589514713376132,0
0.33711361474807905,0.30255470249824584,0.5015283130254705,-0.14567383612574716,0.17145881275773195,-2.5546164709606165,0
0.336785630406145,0.3068382893786575,0.5025292126233313,-0.14734905149132402,0.17573321686075963,-2.519229181077937,0
0.3364454571457348,0.31098880336841955,0.5035161568314963,-0.14899437267336693,0.17999522062891163,-2.4833571133947854,0
0.3360928924063601,0.31500334725141754,0.5044886902682221,-0.15060875572482482,0.18424313787728228,-2.44700453757784,0
0.3357277336275326,0.3188790238115356,0.5054463575517648,-0.15219115669864608,0.18847528242096465,-2.4101757232937895,0
0.3353497782487644,0.3226129358326584,0.5063887033003808,-0.15374053164777926,0.19268996807505195,-2.3728749402093223,0
0.33495882370956703,0.3262021860986711,0.5073152721323262,-0.15525583662517323,0.19688550865463852,-2.335106457991116,0
0.3345546674494525,0.3296438773934581,0.5082256086658575,-0.15673602768377637,0.20106021797481713,-2.296874546305863,0
0.3341371069079326,0.33293511250090435,0.5091192575192309,-0.15818006087653746,0.20521240985068204,-2.2581834748202403,0
0.33370593952451905,0.3360729942048943,0.5099957633107026,-0.159586892256405,0.20934039809732605,-2.2190375132009414,0
0.33326096273872385,0.33905462528931324,0.5108546706585293,-0.1609554778763278,0.21344249652984348,-2.179440931114644,0
0.3328019739900587,0.3418771085380456,0.5116955241809668,-0.16228477378925443,0.2175170189633276,-2.1393979982280364,0
0.33232877071803535,0.34453754673497583,0.5125178684962715,-0.16357373604813322,0.2215622792128713,-2.098912984207807,0
0.3318411503621657,0.3470330426639891,0.5133212482226998,-0.16482132070591315,0.22557659109356906,-2.0579901587206337,0
0.33133891036196167,0.3493606991089699,0.5141052079785079,-0.16602648381554264,0.2295582684205137,-2.016633791433209,0
0.33082184815693494,0.35151761885380317,0.5148692923819521,-0.16718818142997044,0.23350562500879937,-1.97484815201221,0
0.33028976118659736,0.35350090468237333,0.5156130460512887,-0.16830536960214498,0.23741697467351902,-1.9326375101243296,0
0.32974244689046084,0.3553076593785657,0.5163360136047742,-0.16937700438501518,0.24129063122976688,-1.8900061354362458,0
0.3291797027080369,0.35693498572626436,0.5170377396606645,-0.17040204183152938,0.245124908492636,-1.8469582976146461,0
0.32860132607883785,0.3583799865093544,0.5177177688372161,-0.17137943799463629,0.24891812027721974,-1.8034982663262205,0
0.3280071144423751,0.3596397645117207,0.5183756457526852,-0.1723081489272846,0.2526685803986123,-1.759630311237646,0
0.3273968652381607,0.3607114225172476,0.5190109150253284,-0.1731871306824228,0.2563746026719065,-1.7153587020156147,0
0.32677037590570635,0.36159206330982013,0.5196231212734015,-0.17401533931299967,0.26003450091219654,-1.6706877083268048,0
0.3261274438845238,0.36227878967332283,0.5202118091151611,-0.17479173087196362,0.2636465889345754,-1.6256215998379087,0
0.3254678666141251,0.3627687043916408,0.5207765231688635,-0.17551526141226353,0.26720918055413717,-1.5801646462156038,0
0.3247914415340218,0.36305891024865833,0.5213168080527648,-0.17618488698684787,0.270720589585975,-1.5343211171265783,0
0.32409796608372604,0.36314651002826054,0.5218322083851216,-0.17679956364866523,0.2741791298451824,-1.4880952822375222,0
0.32338723770274935,0.36302860651433194,0.5223222687841897,-0.1773582474506643,0.27758311514685324,-1.441491411215112,0
0.32265905383060367,0.3627023024907573,0.5227865338682258,-0.17785989444579361,0.2809308593060806,-1.3945137737260407,0
0.32191321190680083,0.3621647007414215,0.523224548255486,-0.17830346068700192,0.28422067613795854,-1.3471666394369854,0
0.3211495093708526,0.36141290405020904,0.5236358565642267,-0.17868790222723774,0.2874508794575801,-1.299454278014639,0
0.32036774366227083,0.3604440152010049,0.5240200034127042,-0.17901217511944975,0.29061978308003933,-1.251380959125679,0
0.3195677122205673,0.35925513697769357,0.5243765334191747,-0.17927523541658655,0.2937257008204295,-1.2029509524367936,0
0.318749212485254,0.35784337216416023,0.5247049912018945,-0.1794760391715968,0.29676694649384394,-1.1541685276146727,0
0.31791204189584255,0.3562058235442891,0.5250049213791199,-0.17961354243742902,0.2997418339153767,-1.1050379543259925,0
0.3170559978918449,0.35433959390196534,0.5252758685691071,-0.17968670126703193,0.3026486769001208,-1.0555635022374468,0
0.31618087791277266,0.3522417860210733,0.5255173773901125,-0.17969447171335406,0.3054857892631702,-1.0057494410157117,0
0.315286479398138,0.34990950268549814,0.5257289924603925,-0.17963580982934413,0.30825148481961806,-0.9556000403274812,0
0.3143725997874524,0.34733984667912426,0.5259102583982033,-0.1795096716679507,0.3109440773845584,-0.9051195698394313,0
0.3134390365202278,0.34452992078583644,0.526060719821801,-0.17931501328212238,0.3135618807730845,-0.8543122992182518,0
0.3124855870359761,0.34147682778951977,0.526179921349442,-0.17905079072480784,0.3161032088002896,-0.8031824981306319,0
0.31151204877420896,0.3381776704740584,0.5262674075993826,-0.1787159600489556,0.3185663752812678,-0.7517344362432471,0
0.3105182191744385,0.33462955162333785,0.5263227231898793,-0.17830947730751445,0.3209496940311121,-0.699972383222793,0
0.30950389567617614,0.3308295740212421,0.526345412739188,-0.17783029855343288,0.3232514788649166,-0.6479006087359442,0
0.30846887571893405,0.32677484045165633,0.5263350208655652,-0.17727737983965955,0.32547004359777437,-0.595523382449395,0
0.30741295674222374,0.322462453698465,0.5262910921872672,-0.176649677219143,0.32760370204477923,-0.5428449740298217,0
0.3063359361855573,0.317889516545553,0.5262131713225504,-0.17594614674483203,0.3296507680210248,-0.48986965314391334,0
0.30523761148844647,0.31305313177680544,0.5261008028896709,-0.17516574446967512,0.3316095553416042,-0.4366016894583602,0
0.3041177800904029,0.3079504021761062,0.5259535315068848,-0.17430742644662087,0.3334783778216113,-0.3830453526398376,0
0.3029762394309387,0.30257843052734107,0.5257709017924489,-0.17337014872861806,0.33525554927613954,-0.32920491235503996,0
0.3018127869495654,0.2969343196143937,0.5255524583646191,-0.1723528673686151,0.33693938352028263,-0.2750846382706429,0
0.30062722008579507,0.2910151722211495,0.5252977458416519,-0.17125453841956076,0.338528194369134,-0.22068880005333616,0
0.29941933627913936,0.2848180911314934,0.5250063088418033,-0.17007411793440363,0.3400202956377869,-0.16602166736980967,0
0.29818893296911014,0.2783401791293095,0.5246776919833299,-0.1688105619660923,0.3414140011413354,-0.11108750988673863,0
0.2969358075952193,0.27157853899848333,0.5243114398844879,-0.16746282656757547,0.34270762469487265,-0.055890597270817854,0
0.2956597575969785,0.26453027352289854,0.5239070971635335,-0.16602986779180157,0.34389948011349236,-0.0004351991887224544,0
0.29436058041389973,0.2571924854864412,0.523464208438723,-0.1645106416917195,0.34498788121228796,0.05527441469285246,0
0.29303807348549465,0.24956227767299466,0.5229823183283129,-0.1629041043202776,0.34597114180635324,0.11123397470723197,0
0.2916920342512751,0.24163675286644434,0.522460971450559,-0.16120921173042455,0.34684757571078145,0.16743921118772576,0
0.2903222601507532,0.23341301385067573,0.5218997124237181,-0.15942491997510927,0.3476154967406663,0.22388585446764436,0
0.2889285486234404,0.22488816340957213,0.5212980858660464,-0.15755018510728,0.3482732187111013,0.28056963488031256,0
0.28751069710884875,0.21605930432701964,0.5206556363957999,-0.1555839631798856,0.34881905543717984,0.33748628275903514,0
0.28606850304648984,0.20692353938690167,0.5199719086312352,-0.15352521024587448,0.3492513207339958,0.3946315284371374,0
0.2846017638758758,0.1974779713731045,0.5192464471906086,-0.1513728823581956,0.3495683284166425,0.4520011022479239,0
0.2831102770365181,0.187719703069511,0.518478796692176,-0.14912593556979709,0.34976839230021334,0.50959073452472,0
0.2815938399679287,0.177645837260007,0.5176685017541939,-0.14678332593362786,0.3498498261998021,0.5673961556008356,0
0.28005225010961965,0.16725347672847807,0.5168151069949188,-0.14434400950263676,0.34981094393050227,0.6254130958095803,0
0.27848530490110235,0.1565397242588071,0.5159181570326067,-0.1418069423297719,0.34965005930740733,0.6836372854842797,0
0.2768928017818891,0.14550168263488075,0.5149771964855141,-0.13917108046798243,0.34936548614561097,0.7420644549582384,0
0.27527453819149134,0.1341364546405818,0.5139917699718972,-0.13643537997021646,0.3489555382602066,0.8006903345647819,0
0.273630311569421,0.12244114305979702,0.5129614221100122,-0.13359879688942308,0.3484185294662877,0.8595106546372141,0
0.2719599193551898,0.110412850676409,0.5118856975181153,-0.13066028727855042,0.34775277357894785,0.918521145508861,0
0.27026315898830977,0.09804868027430362,0.5107641408144632,-0.1276188071905474,0.3469565844132808,0.9777175375130325,0
0.2685398279082927,0.08534573463736667,0.509596296617312,-0.12447331267836285,0.3460282757843799,1.037095560983038,0
0.2667897235546503,0.07230111654948072,0.5083817095449177,-0.12122275979494489,0.34496616150733866,1.0966509462522027,0
0.26501264336689456,0.05891192879453275,0.5071199242155371,-0.11786610459324268,0.3437685553972508,1.156379423653832,0
0.2632083847845369,0.045175274156405154,0.5058104852474259,-0.11440230312620424,0.3424337712692096,1.2162767235212506,0
0.26137674524708965,0.03108825541898512,0.5044529372588409,-0.11083031144677882,0.3409601229383089,1.276338576187763,0
0.2595175221940642,0.016647975366154866,0.503046824868038,-0.1071490856079144,0.33934592421964194,1.336560711986695,0
0.2576305130649726,0.0018515367818003929,0.5015916926932739,-0.10335758166255996,0.33758948892830243,1.3969388612513565,0
0.25571551529932673,-0.013303957550192197,0.5000870853528044,-0.09945475566366438,0.335689130879384,1.4574687543150564,0
0.2537723263366382,-0.028821404845940875,0.49853254746488623,-0.09543956366417566,0.33364316388798,1.5181461215111214,0
0.25180074361641913,-0.04470370232155813,0.49692762364777554,-0.09131096171704312,0.3314499017691842,1.578966693172855,0
